min seqc samples	junctions	magic junctions	rmake junctions	subread junctions	exactly one of {magic, rmake, subread} junctions	exactly two of {magic, rmake, subread} junctions	all three of {magic, rmake, subread} junctions
1702	1	1	1	1	0	0	1
1701	2	2	2	2	0	0	2
1700	4	4	4	4	0	0	4
1699	10	10	10	10	0	0	10
1698	17	16	17	17	0	1	16
1697	33	31	32	32	0	1	31
1696	56	53	55	55	0	2	53
1695	103	100	102	101	0	3	99
1694	177	172	176	173	1	5	170
1693	269	262	268	264	1	8	259
1692	410	397	408	403	2	15	392
1691	632	612	629	624	3	22	606
1690	970	935	966	958	3	39	926
1689	1631	1569	1624	1609	6	67	1554
1688	2735	2625	2720	2698	7	115	2602
1687	4832	4637	4812	4775	11	208	4599
1686	8330	8009	8298	8238	14	348	7945
1685	14441	13894	14370	14262	29	592	13771
1684	27280	26283	27118	26904	55	1071	26036
1683	32133	30948	31935	31687	67	1260	30661
1682	35467	34179	35240	34969	75	1365	33861
1681	38059	36694	37818	37523	79	1459	36346
1680	40236	38793	39972	39660	85	1534	38424
1679	42167	40659	41890	41560	87	1609	40268
1678	43797	42240	43507	43170	92	1663	41833
1677	45276	43672	44974	44628	95	1710	43253
1676	46621	44975	46311	45958	98	1754	44546
1675	47840	46152	47523	47155	101	1807	45705
1674	49043	47322	48724	48350	103	1846	46867
1673	50155	48401	49827	49438	106	1885	47930
1672	51190	49400	50852	50452	108	1924	48916
1671	52124	50307	51781	51379	110	1953	49817
1670	53018	51166	52673	52262	110	1995	50667
1669	53877	51999	53524	53099	114	2034	51480
1668	54692	52788	54335	53901	115	2066	52259
1667	55460	53534	55098	54656	117	2093	52995
1666	56190	54237	55825	55381	119	2124	53692
1665	56892	54919	56523	56079	119	2140	54374
1664	57582	55583	57210	56760	121	2165	55034
1663	58245	56224	57868	57413	125	2188	55668
1662	58941	56902	58559	58102	126	2207	56341
1661	59585	57515	59199	58735	128	2240	56947
1660	60151	58063	59763	59297	131	2258	57492
1659	60776	58665	60385	59914	131	2283	58089
1658	61336	59203	60940	60457	132	2313	58614
1657	61850	59696	61450	60965	134	2334	59103
1656	62368	60197	61966	61471	136	2361	59592
1655	62896	60707	62493	61991	136	2385	60095
1654	63350	61147	62945	62440	138	2399	60532
1653	63830	61618	63423	62915	138	2412	60998
1652	64325	62095	63916	63406	138	2430	61473
1651	64828	62579	64415	63902	139	2449	61953
1650	65289	63026	64875	64358	140	2467	62395
1649	65754	63471	65337	64821	141	2484	62840
1648	66184	63881	65764	65245	143	2503	63247
1647	66636	64315	66213	65693	144	2520	63679
1646	67048	64709	66621	66101	145	2535	64072
1645	67424	65075	66994	66468	146	2549	64431
1644	67867	65500	67432	66904	148	2563	64854
1643	68277	65899	67840	67309	148	2575	65250
1642	68659	66265	68219	67685	150	2590	65613
1641	69034	66625	68591	68053	151	2607	65968
1640	69395	66976	68948	68408	151	2621	66313
1639	69776	67344	69327	68787	152	2636	66678
1638	70163	67720	69712	69166	153	2655	67045
1637	70496	68044	70043	69497	153	2662	67369
1636	70866	68394	70411	69861	153	2684	67715
1635	71196	68706	70738	70183	155	2700	68024
1634	71597	69094	71138	70578	155	2717	68407
1633	71930	69416	71470	70902	155	2735	68721
1632	72269	69743	71806	71235	155	2747	69045
1631	72579	70045	72111	71539	157	2756	69342
1630	72923	70368	72452	71875	159	2778	69660
1629	73214	70650	72742	72161	159	2790	69938
1628	73533	70959	73061	72472	160	2806	70240
1627	73826	71245	73352	72761	160	2813	70524
1626	74129	71536	73655	73062	160	2827	70813
1625	74451	71850	73976	73380	160	2837	71124
1624	74757	72148	74281	73682	161	2845	71420
1623	75020	72402	74541	73939	161	2854	71671
1622	75315	72688	74836	74234	161	2863	71957
1621	75641	72998	75159	74556	161	2877	72266
1620	75913	73264	75430	74822	163	2886	72527
1619	76211	73553	75727	75113	164	2898	72811
1618	76490	73820	76004	75387	165	2909	73076
1617	76770	74084	76280	75659	165	2925	73336
1616	77060	74368	76568	75946	165	2930	73619
1615	77329	74624	76836	76211	165	2945	73872
1614	77629	74915	77134	76506	167	2954	74160
1613	77872	75145	77375	76744	167	2968	74387
1612	78157	75423	77658	77023	167	2977	74661
1611	78428	75683	77929	77293	167	2989	74920
1610	78678	75920	78176	77540	169	3001	75155
1609	78933	76167	78430	77792	170	3008	75401
1608	79211	76433	78706	78064	170	3022	75663
1607	79462	76673	78955	78312	170	3032	75902
1606	79688	76893	79178	78532	170	3038	76119
1605	79915	77114	79405	78754	170	3049	76335
1604	80166	77362	79656	78999	170	3058	76577
1603	80411	77602	79900	79242	170	3063	76816
1602	80647	77831	80133	79473	171	3070	77042
1601	80891	78064	80376	79712	173	3083	77271
1600	81117	78283	80600	79934	174	3091	77487
1599	81346	78505	80829	80161	174	3100	77707
1598	81566	78721	81047	80377	175	3105	77920
1597	81794	78936	81273	80603	176	3117	78134
1596	82007	79143	81484	80812	176	3123	78339
1595	82233	79361	81709	81036	176	3131	78556
1594	82449	79566	81924	81247	178	3144	78757
1593	82676	79787	82148	81470	179	3149	78976
1592	82888	79992	82359	81680	179	3156	79180
1591	83092	80184	82561	81879	181	3168	79369
1590	83311	80389	82777	82094	181	3180	79573
1589	83540	80609	83003	82317	182	3190	79789
1588	83742	80805	83204	82515	182	3198	79982
1587	83937	80993	83395	82702	183	3206	80165
1586	84139	81189	83596	82902	183	3212	80360
1585	84337	81383	83792	83096	184	3217	80551
1584	84550	81590	84003	83305	185	3224	80755
1583	84742	81776	84194	83496	186	3230	80940
1582	84953	81982	84402	83703	188	3235	81143
1581	85169	82185	84617	83915	189	3248	81344
1580	85352	82359	84799	84097	189	3256	81518
1579	85522	82524	84967	84264	190	3261	81681
1578	85718	82717	85162	84458	190	3264	81873
1577	85911	82904	85355	84649	190	3272	82058
1576	86088	83075	85531	84822	190	3280	82226
1575	86273	83254	85713	85002	192	3287	82401
1574	86487	83460	85925	85211	192	3296	82604
1573	86698	83658	86131	85414	192	3307	82799
1572	86896	83844	86327	85610	193	3318	82984
1571	87060	84004	86489	85769	194	3324	83140
1570	87252	84189	86680	85959	194	3331	83324
1569	87435	84364	86860	86137	195	3339	83496
1568	87617	84541	87040	86313	196	3347	83668
1567	87807	84724	87229	86501	196	3354	83850
1566	87974	84882	87395	86667	196	3362	84008
1565	88169	85068	87590	86861	196	3372	84193
1564	88370	85266	87791	87058	196	3379	84387
1563	88544	85436	87965	87229	197	3384	84555
1562	88737	85622	88156	87417	197	3392	84738
1561	88920	85801	88337	87592	198	3398	84912
1560	89095	85972	88510	87764	199	3402	85081
1559	89258	86125	88671	87924	199	3411	85233
1558	89426	86286	88838	88090	199	3418	85393
1557	89605	86458	89016	88267	199	3425	85564
1556	89769	86615	89178	88423	199	3436	85715
1555	89932	86776	89338	88582	202	3439	85872
1554	90103	86941	89507	88747	203	3445	86034
1553	90265	87099	89668	88908	203	3448	86192
1552	90428	87257	89829	89068	203	3452	86349
1551	90599	87423	89999	89235	203	3459	86512
1550	90782	87596	90180	89413	204	3468	86683
1549	90967	87774	90363	89595	204	3474	86860
1548	91152	87959	90547	89777	205	3476	87042
1547	91314	88115	90709	89938	205	3483	87197
1546	91470	88267	90862	90091	205	3487	87347
1545	91660	88453	91052	90279	205	3493	87531
1544	91812	88601	91204	90430	205	3498	87678
1543	91981	88767	91373	90598	205	3502	87843
1542	92141	88923	91531	90754	205	3506	87997
1541	92292	89070	91680	90902	206	3510	88142
1540	92446	89220	91834	91054	206	3516	88290
1539	92601	89372	91987	91204	206	3520	88439
1538	92747	89514	92132	91349	206	3523	88581
1537	92905	89667	92289	91506	207	3528	88733
1536	93054	89812	92435	91651	207	3530	88877
1535	93213	89965	92593	91808	207	3536	89029
1534	93386	90133	92766	91977	207	3545	89193
1533	93544	90283	92923	92133	207	3553	89342
1532	93692	90428	93071	92279	207	3558	89485
1531	93837	90565	93215	92423	208	3566	89621
1530	93975	90694	93350	92559	209	3575	89748
1529	94135	90849	93509	92718	209	3579	89903
1528	94275	90984	93647	92855	210	3584	90036
1527	94394	91099	93766	92973	210	3589	90150
1526	94522	91221	93894	93100	210	3596	90271
1525	94673	91366	94045	93250	210	3603	90415
1524	94821	91509	94192	93396	210	3608	90557
1523	94978	91660	94347	93551	211	3613	90707
1522	95113	91787	94480	93682	211	3621	90832
1521	95242	91911	94608	93807	212	3629	90952
1520	95381	92045	94746	93944	213	3635	91084
1519	95524	92180	94889	94085	213	3645	91217
1518	95677	92326	95040	94234	214	3653	91360
1517	95817	92460	95179	94371	214	3660	91492
1516	95961	92599	95320	94511	215	3664	91629
1515	96094	92729	95453	94644	215	3667	91759
1514	96228	92860	95586	94777	216	3670	91889
1513	96372	93000	95730	94920	216	3675	92028
1512	96506	93128	95864	95052	216	3683	92154
1511	96632	93251	95989	95173	216	3689	92273
1510	96771	93383	96126	95306	216	3698	92401
1509	96874	93481	96228	95408	216	3702	92499
1508	97002	93606	96355	95534	217	3703	92624
1507	97119	93716	96471	95649	217	3710	92733
1506	97277	93868	96628	95806	217	3715	92885
1505	97401	93990	96751	95929	217	3716	93007
1504	97517	94101	96865	96041	219	3720	93116
1503	97659	94236	97003	96178	220	3725	93249
1502	97796	94367	97139	96313	220	3731	93379
1501	97942	94508	97285	96458	220	3737	93519
1500	98074	94637	97416	96588	220	3740	93647
1499	98210	94769	97551	96723	220	3743	93779
1498	98353	94905	97689	96858	220	3748	93912
1497	98480	95028	97816	96985	220	3752	94035
1496	98605	95144	97937	97105	220	3758	94150
1495	98742	95276	98073	97238	221	3763	94280
1494	98874	95403	98204	97369	221	3767	94407
1493	99008	95532	98337	97500	222	3774	94533
1492	99146	95663	98474	97633	222	3784	94660
1491	99291	95802	98619	97776	223	3790	94798
1490	99406	95914	98733	97890	223	3792	94910
1489	99530	96034	98857	98013	223	3797	95029
1488	99653	96155	98980	98135	223	3800	95149
1487	99792	96287	99116	98270	223	3805	95280
1486	99925	96417	99249	98400	224	3809	95408
1485	100043	96527	99364	98516	225	3814	95518
1484	100170	96652	99491	98642	225	3817	95642
1483	100306	96779	99626	98774	225	3828	95766
1482	100428	96899	99748	98896	225	3830	95886
1481	100557	97021	99877	99024	225	3838	96007
1480	100667	97129	99987	99134	225	3840	96115
1479	100775	97231	100094	99239	225	3847	96215
1478	100911	97362	100230	99375	225	3852	96346
1477	101037	97485	100355	99499	225	3855	96468
1476	101160	97603	100476	99621	226	3861	96584
1475	101296	97738	100612	99753	226	3866	96715
1474	101416	97855	100730	99869	227	3870	96829
1473	101538	97972	100850	99988	227	3877	96943
1472	101660	98087	100971	100107	228	3883	97057
1471	101779	98202	101089	100225	228	3886	97172
1470	101892	98313	101201	100335	228	3889	97281
1469	102001	98417	101309	100443	228	3893	97385
1468	102104	98517	101411	100545	228	3895	97485
1467	102238	98646	101545	100676	229	3901	97612
1466	102354	98755	101660	100789	229	3909	97719
1465	102461	98859	101766	100895	230	3912	97822
1464	102593	98988	101898	101025	230	3917	97949
1463	102721	99109	102023	101148	231	3924	98067
1462	102839	99223	102140	101264	232	3926	98181
1461	102959	99336	102260	101383	232	3934	98293
1460	103088	99461	102388	101511	232	3937	98418
1459	103197	99565	102496	101618	232	3942	98521
1458	103323	99686	102619	101742	232	3946	98641
1457	103454	99813	102749	101871	232	3950	98767
1456	103585	99937	102879	101997	232	3960	98887
1455	103702	100051	102995	102113	232	3962	99001
1454	103823	100168	103113	102231	233	3964	99117
1453	103974	100313	103263	102381	233	3969	99262
1452	104095	100432	103383	102499	233	3972	99379
1451	104209	100542	103496	102612	233	3975	99489
1450	104350	100675	103636	102749	235	3981	99621
1449	104472	100793	103757	102867	235	3987	99736
1448	104593	100907	103876	102986	235	3992	99850
1447	104717	101024	103997	103107	235	3996	99967
1446	104825	101129	104105	103215	235	3999	100072
1445	104928	101227	104207	103316	236	4002	100170
1444	105034	101328	104313	103422	236	4007	100271
1443	105132	101423	104409	103518	237	4009	100365
1442	105246	101532	104522	103627	239	4013	100472
1441	105381	101657	104654	103757	240	4023	100594
1440	105498	101769	104769	103869	241	4030	100702
1439	105606	101874	104876	103974	241	4034	100805
1438	105711	101977	104981	104079	241	4036	100908
1437	105826	102085	105095	104191	241	4047	101012
1436	105947	102201	105214	104309	241	4051	101127
1435	106067	102317	105333	104426	241	4059	101239
1434	106195	102439	105461	104553	241	4066	101360
1433	106319	102553	105584	104674	242	4075	101473
1432	106436	102664	105700	104789	242	4081	101583
1431	106548	102771	105809	104897	243	4085	101688
1430	106658	102874	105915	105002	243	4089	101790
1429	106772	102978	106028	105115	243	4098	101894
1428	106897	103099	106153	105238	244	4102	102014
1427	107014	103213	106269	105354	244	4104	102128
1426	107124	103321	106379	105464	244	4106	102236
1425	107253	103446	106508	105592	244	4111	102360
1424	107352	103540	106605	105689	245	4115	102453
1423	107472	103655	106725	105808	246	4119	102568
1422	107579	103759	106831	105914	246	4124	102670
1421	107689	103867	106941	106022	246	4128	102776
1420	107808	103978	107058	106140	247	4134	102887
1419	107912	104080	107161	106243	248	4136	102988
1418	108012	104174	107261	106343	248	4142	103082
1417	108114	104273	107362	106440	249	4149	103176
1416	108224	104379	107472	106550	249	4153	103282
1415	108346	104500	107594	106671	249	4155	103402
1414	108452	104602	107700	106776	250	4158	103504
1413	108567	104715	107815	106886	250	4165	103612
1412	108693	104835	107940	107010	251	4172	103730
1411	108815	104952	108062	107128	252	4179	103844
1410	108918	105051	108163	107230	253	4181	103943
1409	109045	105170	108288	107355	253	4187	104062
1408	109155	105275	108397	107462	253	4193	104165
1407	109250	105366	108492	107556	253	4198	104255
1406	109383	105496	108624	107688	254	4201	104384
1405	109483	105593	108723	107785	255	4203	104480
1404	109599	105701	108838	107900	257	4209	104588
1403	109698	105797	108937	107997	258	4212	104683
1402	109819	105913	109055	108114	259	4216	104797
1401	109902	105991	109138	108197	259	4221	104875
1400	110021	106108	109255	108313	261	4224	104989
1399	110130	106214	109363	108421	261	4226	105095
1398	110230	106308	109462	108519	261	4232	105188
1397	110328	106401	109559	108617	262	4236	105281
1396	110438	106508	109668	108725	262	4239	105387
1395	110554	106616	109782	108837	262	4247	105493
1394	110661	106720	109889	108942	263	4250	105596
1393	110771	106821	109998	109049	263	4260	105695
1392	110883	106927	110109	109159	264	4264	105801
1391	110992	107033	110217	109267	264	4266	105907
1390	111095	107129	110316	109364	264	4271	106001
1389	111216	107246	110436	109483	264	4275	106117
1388	111332	107357	110552	109598	264	4281	106227
1387	111443	107462	110660	109706	264	4284	106332
1386	111548	107562	110764	109809	265	4287	106432
1385	111653	107666	110868	109914	265	4289	106535
1384	111763	107771	110977	110022	265	4294	106639
1383	111856	107860	111070	110114	265	4299	106727
1382	111979	107979	111193	110237	265	4303	106846
1381	112096	108089	111310	110352	267	4308	106956
1380	112196	108184	111406	110447	267	4310	107050
1379	112303	108286	111511	110551	267	4314	107151
1378	112402	108382	111609	110649	268	4317	107246
1377	112493	108467	111699	110738	268	4323	107330
1376	112590	108563	111796	110834	268	4325	107425
1375	112676	108644	111882	110920	268	4330	107506
1374	112790	108755	111996	111033	268	4334	107616
1373	112888	108851	112093	111128	269	4338	107709
1372	113018	108974	112223	111256	270	4345	107831
1371	113121	109074	112325	111354	270	4351	107927
1370	113225	109177	112428	111455	271	4354	108027
1369	113331	109275	112532	111559	271	4360	108125
1368	113428	109369	112629	111656	271	4363	108219
1367	113537	109473	112737	111764	271	4367	108323
1366	113648	109580	112848	111873	272	4371	108429
1365	113739	109669	112936	111958	273	4374	108514
1364	113851	109776	113046	112068	273	4377	108621
1363	113956	109878	113151	112171	273	4382	108721
1362	114054	109972	113248	112263	274	4388	108811
1361	114168	110078	113361	112375	274	4396	108916
1360	114270	110174	113460	112474	274	4399	109012
1359	114388	110286	113577	112590	274	4405	109123
1358	114484	110378	113672	112683	275	4408	109214
1357	114574	110466	113762	112771	275	4412	109300
1356	114691	110575	113877	112885	275	4419	109408
1355	114799	110678	113984	112991	275	4424	109510
1354	114905	110781	114089	113094	275	4428	109611
1353	115006	110876	114189	113192	275	4435	109704
1352	115122	110989	114304	113305	276	4437	109816
1351	115213	111076	114394	113393	278	4438	109903
1350	115329	111188	114509	113508	278	4441	110015
1349	115441	111295	114620	113618	278	4446	110121
1348	115559	111409	114737	113734	278	4450	110234
1347	115672	111520	114849	113845	279	4453	110343
1346	115774	111614	114950	113945	280	4459	110437
1345	115871	111709	115046	114041	280	4460	110532
1344	115981	111814	115153	114148	280	4462	110637
1343	116092	111922	115264	114259	280	4465	110745
1342	116208	112036	115378	114373	281	4466	110858
1341	116316	112137	115485	114477	281	4475	110956
1340	116437	112257	115605	114596	282	4477	111074
1339	116532	112351	115700	114688	283	4479	111166
1338	116631	112442	115799	114785	284	4487	111256
1337	116753	112557	115920	114906	284	4493	111371
1336	116853	112653	116019	115004	285	4495	111467
1335	116964	112760	116128	115110	288	4500	111570
1334	117060	112851	116223	115205	288	4504	111661
1333	117170	112960	116333	115315	288	4505	111770
1332	117285	113072	116447	115426	289	4511	111878
1331	117396	113180	116557	115536	289	4513	111986
1330	117497	113277	116658	115636	289	4518	112082
1329	117601	113376	116761	115736	290	4523	112179
1328	117715	113482	116875	115850	290	4531	112285
1327	117817	113582	116976	115951	290	4532	112385
1326	117918	113680	117075	116050	290	4533	112483
1325	118040	113800	117196	116171	290	4534	112603
1324	118137	113894	117291	116265	290	4536	112696
1323	118241	113992	117393	116368	291	4540	112794
1322	118358	114102	117508	116481	293	4546	112902
1321	118466	114207	117616	116587	294	4549	113006
1320	118586	114323	117736	116703	294	4557	113118
1319	118687	114424	117837	116803	294	4558	113218
1318	118780	114514	117930	116893	295	4562	113306
1317	118875	114607	118024	116987	295	4563	113399
1316	118957	114684	118103	117066	297	4567	113474
1315	119059	114781	118204	117167	298	4572	113570
1314	119178	114894	118320	117282	298	4576	113682
1313	119301	115011	118443	117401	298	4586	113795
1312	119396	115100	118538	117495	298	4593	113883
1311	119494	115193	118635	117590	299	4600	113973
1310	119596	115290	118736	117690	299	4605	114069
1309	119693	115385	118832	117782	299	4610	114160
1308	119786	115476	118924	117874	300	4612	114250
1307	119888	115572	119026	117975	301	4617	114346
1306	120005	115680	119142	118085	305	4623	114452
1305	120095	115765	119229	118170	305	4627	114535
1304	120212	115880	119346	118284	306	4630	114648
1303	120328	115991	119461	118398	307	4636	114757
1302	120426	116086	119559	118494	307	4641	114850
1301	120535	116191	119667	118601	307	4645	114954
1300	120645	116298	119777	118710	307	4649	115060
1299	120773	116422	119904	118837	307	4652	115184
1298	120883	116528	120011	118944	307	4653	115290
1297	120983	116624	120110	119043	308	4657	115385
1296	121100	116738	120226	119151	309	4665	115492
1295	121205	116839	120330	119253	310	4671	115590
1294	121309	116942	120434	119355	310	4674	115691
1293	121446	117073	120568	119489	312	4676	115822
1292	121565	117188	120686	119606	312	4680	115936
1291	121671	117288	120790	119710	314	4683	116036
1290	121768	117380	120887	119807	314	4688	116128
1289	121890	117498	121007	119927	314	4690	116246
1288	122003	117606	121116	120036	316	4693	116352
1287	122106	117707	121216	120137	316	4694	116452
1286	122214	117813	121322	120240	317	4698	116554
1285	122340	117936	121448	120365	317	4702	116676
1284	122466	118058	121572	120488	317	4705	116797
1283	122577	118166	121682	120597	317	4708	116904
1282	122695	118277	121800	120713	317	4717	117013
1281	122819	118394	121921	120833	317	4722	117129
1280	122935	118507	122036	120947	319	4724	117241
1279	123072	118638	122172	121083	319	4729	117372
1278	123209	118769	122308	121218	320	4733	117503
1277	123336	118889	122435	121344	320	4741	117622
1276	123454	118998	122551	121459	320	4749	117730
1275	123585	119121	122678	121587	321	4753	117853
1274	123715	119247	122807	121714	321	4758	117977
1273	123845	119369	122935	121841	323	4764	118098
1272	123986	119501	123074	121979	323	4772	118229
1271	124097	119605	123182	122084	324	4777	118331
1270	124248	119755	123333	122235	324	4778	118481
1269	124383	119886	123467	122367	324	4783	118610
1268	124500	120000	123582	122481	324	4785	118723
1267	124618	120112	123698	122597	324	4789	118835
1266	124742	120229	123819	122717	325	4795	118950
1265	124846	120329	123923	122819	325	4801	119048
1264	124964	120444	124041	122935	325	4806	119161
1263	125061	120539	124137	123031	325	4807	119256
1262	125187	120662	124261	123155	326	4809	119378
1261	125304	120773	124377	123270	326	4815	119488
1260	125415	120877	124485	123377	326	4820	119591
1259	125533	120989	124601	123492	328	4824	119702
1258	125625	121078	124692	123583	328	4826	119791
1257	125722	121173	124787	123676	329	4829	119883
1256	125840	121289	124903	123789	331	4834	119994
1255	125941	121389	125002	123888	332	4834	120093
1254	126043	121488	125102	123988	332	4835	120192
1253	126142	121579	125200	124084	333	4842	120282
1252	126249	121678	125307	124190	334	4849	120381
1251	126355	121777	125409	124291	334	4853	120479
1250	126450	121869	125504	124385	334	4857	120570
1249	126552	121965	125603	124483	334	4861	120665
1248	126657	122067	125707	124585	334	4865	120765
1247	126762	122165	125811	124689	334	4871	120863
1246	126847	122242	125894	124772	335	4878	120939
1245	126946	122338	125993	124869	335	4883	121033
1244	127025	122412	126070	124947	335	4888	121106
1243	127116	122497	126160	125036	335	4894	121190
1242	127194	122572	126237	125113	335	4896	121265
1241	127289	122661	126331	125206	337	4901	121353
1240	127395	122766	126437	125310	337	4904	121456
1239	127484	122848	126523	125395	337	4909	121537
1238	127595	122954	126633	125505	337	4913	121643
1237	127686	123042	126723	125594	338	4914	121731
1236	127769	123123	126805	125674	338	4917	121810
1235	127852	123203	126887	125755	339	4921	121888
1234	127958	123301	126993	125861	339	4929	121986
1233	128051	123386	127083	125949	340	4937	122068
1232	128137	123462	127169	126033	340	4949	122142
1231	128250	123567	127281	126143	340	4958	122245
1230	128347	123659	127378	126240	340	4963	122337
1229	128459	123766	127488	126349	340	4967	122443
1228	128569	123874	127598	126457	340	4971	122549
1227	128650	123950	127677	126536	342	4976	122623
1226	128740	124033	127765	126621	344	4980	122705
1225	128813	124103	127838	126694	344	4983	122775
1224	128911	124195	127935	126791	344	4988	122867
1223	129021	124300	128043	126899	346	4993	122970
1222	129107	124381	128127	126982	348	4996	123050
1221	129221	124487	128238	127092	349	5003	123154
1220	129320	124577	128334	127185	349	5012	123241
1219	129406	124656	128417	127265	351	5018	123317
1218	129503	124745	128513	127360	351	5026	123405
1217	129594	124831	128604	127449	351	5033	123489
1216	129678	124911	128686	127531	351	5035	123569
1215	129796	125023	128802	127644	351	5042	123678
1214	129887	125110	128892	127731	351	5048	123762
1213	129985	125203	128988	127827	352	5052	123854
1212	130077	125289	129080	127918	352	5059	123939
1211	130181	125389	129182	128018	352	5063	124037
1210	130280	125483	129278	128114	352	5065	124131
1209	130377	125576	129375	128209	352	5071	124222
1208	130491	125682	129487	128320	352	5078	124327
1207	130587	125774	129583	128415	352	5083	124418
1206	130701	125884	129695	128527	352	5085	124528
1205	130795	125975	129788	128620	352	5087	124619
1204	130892	126069	129885	128716	352	5091	124712
1203	130971	126142	129962	128791	352	5097	124783
1202	131054	126221	130042	128871	353	5099	124861
1201	131141	126304	130126	128952	354	5104	124940
1200	131221	126381	130206	129031	354	5108	125016
1199	131289	126443	130274	129098	354	5115	125077
1198	131364	126515	130346	129170	355	5116	125148
1197	131451	126595	130433	129254	355	5126	125225
1196	131533	126673	130514	129335	356	5130	125302
1195	131620	126758	130601	129418	356	5136	125383
1194	131697	126833	130676	129494	356	5138	125457
1193	131789	126921	130766	129584	356	5140	125545
1192	131878	127007	130854	129671	356	5143	125630
1191	131967	127093	130941	129757	356	5145	125715
1190	132065	127188	131038	129853	357	5146	125810
1189	132145	127264	131115	129930	357	5150	125884
1188	132217	127329	131185	129998	357	5157	125947
1187	132310	127413	131274	130087	359	5164	126029
1186	132394	127494	131358	130170	359	5168	126109
1185	132481	127576	131442	130253	360	5172	126189
1184	132577	127667	131538	130346	361	5178	126278
1183	132654	127738	131615	130423	361	5184	126349
1182	132754	127834	131714	130522	362	5188	126444
1181	132843	127918	131802	130610	363	5193	126527
1180	132937	128007	131896	130700	363	5202	126612
1179	133003	128072	131962	130764	363	5205	126675
1178	133080	128145	132037	130839	364	5208	126747
1177	133154	128213	132109	130910	365	5214	126813
1176	133234	128291	132189	130986	366	5218	126888
1175	133325	128376	132278	131073	367	5225	126970
1174	133421	128468	132372	131167	367	5227	127062
1173	133508	128552	132459	131253	367	5231	127145
1172	133575	128615	132524	131315	367	5236	127205
1171	133651	128685	132598	131386	368	5244	127271
1170	133750	128777	132696	131483	369	5249	127363
1169	133828	128852	132771	131559	370	5249	127438
1168	133907	128925	132849	131637	370	5254	127511
1167	134006	129011	132946	131731	371	5266	127595
1166	134094	129094	133033	131816	373	5271	127676
1165	134196	129190	133135	131918	373	5277	127772
1164	134288	129280	133226	132008	373	5279	127861
1163	134364	129353	133302	132084	373	5282	127934
1162	134456	129437	133392	132173	373	5289	128017
1161	134534	129510	133468	132248	374	5297	128086
1160	134622	129593	133555	132333	376	5302	128167
1159	134707	129675	133639	132415	376	5306	128247
1158	134785	129747	133715	132491	376	5310	128319
1157	134875	129831	133801	132575	378	5316	128399
1156	134958	129909	133883	132657	380	5319	128477
1155	135043	129988	133968	132739	380	5328	128553
1154	135131	130072	134053	132822	380	5331	128635
1153	135219	130156	134140	132909	381	5335	128718
1152	135301	130237	134221	132989	382	5337	128797
1151	135381	130311	134300	133067	382	5343	128870
1150	135462	130386	134379	133144	383	5347	128944
1149	135541	130462	134457	133221	384	5351	129018
1148	135628	130544	134544	133306	384	5358	129098
1147	135708	130617	134621	133383	384	5362	129171
1146	135794	130697	134705	133467	384	5366	129251
1145	135875	130774	134786	133546	386	5368	129328
1144	135945	130841	134853	133613	387	5369	129394
1143	136028	130918	134933	133694	388	5372	129471
1142	136108	130994	135012	133771	388	5377	129545
1141	136179	131061	135082	133841	389	5381	129611
1140	136266	131143	135168	133926	389	5386	129692
1139	136343	131213	135242	133999	389	5391	129761
1138	136420	131281	135316	134072	390	5396	129829
1137	136490	131345	135384	134138	390	5402	129891
1136	136570	131420	135463	134216	390	5407	129965
1135	136653	131498	135542	134293	394	5411	130039
1134	136752	131591	135640	134391	394	5416	130132
1133	136836	131669	135723	134473	394	5422	130209
1132	136925	131755	135812	134558	394	5429	130291
1131	137026	131849	135910	134655	394	5434	130384
1130	137102	131919	135983	134725	395	5441	130450
1129	137175	131989	136055	134797	395	5443	130520
1128	137262	132071	136140	134880	396	5449	130599
1127	137340	132144	136216	134956	397	5453	130671
1126	137417	132219	136291	135030	398	5455	130744
1125	137508	132302	136380	135116	399	5462	130825
1124	137589	132379	136460	135196	399	5465	130902
1123	137670	132456	136540	135276	399	5468	130979
1122	137756	132536	136624	135360	399	5472	131059
1121	137831	132605	136698	135432	400	5477	131127
1120	137911	132683	136778	135509	401	5480	131203
1119	138021	132782	136885	135613	403	5490	131299
1118	138110	132869	136974	135701	403	5493	131385
1117	138175	132932	137039	135765	403	5496	131447
1116	138260	133012	137123	135847	405	5501	131525
1115	138328	133076	137189	135911	407	5504	131587
1114	138415	133161	137275	135995	409	5506	131670
1113	138511	133251	137368	136089	410	5509	131760
1112	138588	133319	137440	136160	410	5514	131827
1111	138672	133399	137524	136243	410	5519	131906
1110	138751	133473	137602	136320	410	5524	131979
1109	138832	133552	137682	136399	411	5524	132058
1108	138896	133614	137746	136462	412	5525	132120
1107	138974	133689	137823	136538	413	5526	132195
1106	139059	133772	137908	136622	413	5529	132277
1105	139118	133830	137966	136679	413	5530	132334
1104	139194	133901	138041	136753	413	5535	132404
1103	139265	133968	138110	136822	413	5537	132471
1102	139342	134041	138187	136899	413	5541	132544
1101	139414	134110	138257	136970	414	5542	132613
1100	139498	134188	138338	137051	414	5545	132691
1099	139566	134253	138406	137118	415	5547	132756
1098	139638	134322	138478	137188	415	5552	132823
1097	139711	134389	138548	137254	416	5557	132887
1096	139786	134459	138622	137328	416	5561	132957
1095	139864	134532	138699	137405	416	5565	133030
1094	139936	134599	138770	137474	416	5571	133095
1093	140016	134678	138849	137551	416	5573	133172
1092	140093	134745	138923	137624	416	5581	133238
1091	140188	134832	139018	137717	416	5591	133323
1090	140293	134932	139121	137815	417	5600	133417
1089	140373	135009	139200	137893	417	5603	133493
1088	140436	135069	139262	137954	417	5606	133552
1087	140513	135141	139337	138027	417	5611	133622
1086	140570	135193	139394	138083	417	5617	133673
1085	140651	135270	139475	138161	419	5620	133749
1084	140725	135340	139547	138233	420	5623	133818
1083	140794	135403	139616	138301	421	5628	133881
1082	140862	135467	139684	138369	421	5632	133945
1081	140943	135542	139763	138447	421	5637	134019
1080	141031	135622	139849	138530	421	5646	134096
1079	141095	135680	139913	138592	421	5654	134152
1078	141180	135761	139998	138674	422	5659	134231
1077	141264	135836	140080	138755	423	5665	134306
1076	141345	135911	140161	138835	423	5672	134380
1075	141410	135974	140225	138898	423	5674	134442
1074	141490	136051	140305	138977	423	5678	134518
1073	141566	136122	140381	139048	423	5688	134584
1072	141645	136200	140459	139126	423	5688	134662
1071	141722	136273	140536	139202	423	5693	134734
1070	141790	136337	140602	139266	426	5697	134795
1069	141876	136420	140688	139350	426	5702	134876
1068	141957	136496	140767	139429	427	5706	134951
1067	142033	136569	140842	139502	427	5710	135022
1066	142101	136626	140907	139566	431	5717	135078
1065	142177	136695	140980	139635	431	5725	135143
1064	142259	136771	141061	139716	431	5730	135219
1063	142340	136848	141141	139795	431	5734	135295
1062	142426	136928	141226	139877	433	5741	135372
1061	142485	136986	141285	139936	433	5742	135430
1060	142555	137051	141354	140004	433	5747	135494
1059	142625	137118	141423	140073	433	5749	135561
1058	142713	137196	141508	140157	435	5756	135638
1057	142777	137256	141570	140218	436	5760	135696
1056	142847	137318	141638	140283	439	5763	135758
1055	142914	137375	141701	140347	440	5769	135815
1054	142997	137453	141782	140426	440	5774	135891
1053	143077	137526	141860	140504	440	5779	135964
1052	143137	137584	141920	140564	440	5781	136022
1051	143208	137652	141990	140632	441	5786	136087
1050	143277	137714	142056	140697	443	5790	136148
1049	143344	137775	142120	140760	443	5794	136208
1048	143421	137847	142196	140836	443	5798	136280
1047	143497	137923	142272	140912	443	5798	136356
1046	143580	138003	142354	140993	443	5801	136435
1045	143653	138070	142427	141066	443	5807	136502
1044	143727	138142	142501	141138	444	5809	136573
1043	143795	138207	142569	141205	444	5813	136637
1042	143860	138265	142633	141268	444	5820	136694
1041	143953	138353	142725	141359	444	5825	136781
1040	144037	138428	142806	141439	446	5831	136855
1039	144117	138505	142885	141516	447	5833	136931
1038	144195	138579	142961	141589	449	5840	137000
1037	144258	138639	143022	141650	449	5841	137060
1036	144349	138725	143111	141737	451	5845	137144
1035	144424	138799	143186	141812	451	5846	137218
1034	144495	138867	143256	141881	451	5849	137285
1033	144557	138926	143317	141941	451	5852	137343
1032	144628	138990	143386	142009	452	5856	137407
1031	144694	139052	143450	142072	452	5859	137468
1030	144784	139133	143538	142160	454	5865	137549
1029	144866	139213	143619	142241	454	5866	137629
1028	144939	139284	143689	142310	455	5867	137698
1027	144997	139339	143745	142364	456	5871	137750
1026	145069	139408	143815	142432	457	5875	137816
1025	145137	139471	143881	142497	457	5879	137878
1024	145217	139544	143959	142576	458	5884	137951
1023	145297	139615	144038	142654	459	5891	138022
1022	145385	139696	144122	142737	461	5897	138100
1021	145464	139772	144199	142814	463	5900	138174
1020	145530	139834	144263	142875	464	5903	138234
1019	145596	139896	144328	142937	465	5907	138294
1018	145657	139957	144389	142997	465	5908	138354
1017	145739	140031	144467	143074	469	5914	138425
1016	145820	140105	144547	143154	469	5920	138499
1015	145880	140163	144607	143212	469	5924	138555
1014	145953	140230	144678	143282	469	5929	138621
1013	146032	140303	144756	143360	469	5934	138694
1012	146125	140389	144845	143447	470	5940	138777
1011	146198	140457	144918	143519	471	5944	138845
1010	146262	140517	144981	143580	472	5947	138904
1009	146336	140586	145052	143648	473	5953	138969
1008	146407	140651	145121	143715	475	5958	139032
1007	146486	140722	145196	143791	476	5962	139103
1006	146548	140780	145256	143849	476	5966	139159
1005	146626	140856	145332	143925	477	5970	139232
1004	146694	140922	145398	143990	477	5971	139297
1003	146760	140985	145462	144052	478	5975	139357
1002	146840	141063	145541	144131	479	5977	139434
1001	146902	141122	145603	144192	479	5981	139492
1000	146975	141191	145676	144265	479	5985	139561
999	147071	141278	145765	144356	482	5988	139647
998	147148	141346	145838	144427	483	5993	139714
997	147206	141400	145893	144482	483	5994	139768
996	147287	141477	145973	144562	483	5997	139845
995	147359	141546	146044	144632	483	6000	139913
994	147439	141621	146124	144711	483	6006	139987
993	147510	141688	146193	144776	484	6010	140051
992	147575	141747	146257	144840	484	6015	140110
991	147643	141811	146324	144907	484	6018	140174
990	147712	141874	146390	144972	484	6022	140236
989	147786	141945	146462	145041	484	6026	140304
988	147846	142003	146520	145098	485	6028	140360
987	147925	142077	146599	145176	485	6034	140433
986	147993	142141	146665	145242	485	6036	140497
985	148075	142214	146743	145318	486	6041	140569
984	148144	142281	146810	145383	487	6044	140633
983	148201	142337	146865	145437	488	6045	140687
982	148278	142409	146942	145512	488	6052	140757
981	148338	142464	146999	145569	488	6057	140810
980	148402	142524	147063	145632	488	6062	140869
979	148466	142584	147124	145690	488	6066	140926
978	148531	142644	147187	145753	488	6069	140986
977	148609	142718	147263	145829	489	6072	141059
976	148679	142784	147332	145897	489	6076	141124
975	148736	142837	147389	145952	490	6080	141176
974	148810	142905	147458	146018	491	6088	141238
973	148883	142976	147531	146090	491	6091	141308
972	148961	143047	147606	146162	492	6096	141377
971	149036	143115	147678	146229	493	6103	141441
970	149113	143181	147752	146301	494	6111	141506
969	149195	143254	147833	146378	495	6121	141576
968	149248	143305	147885	146428	496	6125	141624
967	149320	143373	147956	146499	496	6128	141692
966	149380	143431	148016	146559	496	6130	141750
965	149437	143485	148072	146614	497	6131	141804
964	149503	143550	148137	146679	497	6131	141869
963	149584	143625	148217	146758	497	6137	141943
962	149659	143699	148292	146833	497	6138	142017
961	149722	143755	148355	146893	498	6146	142071
960	149784	143811	148415	146949	499	6152	142124
959	149855	143878	148485	147019	499	6155	142191
958	149941	143960	148569	147100	501	6159	142270
957	150016	144032	148642	147173	501	6160	142342
956	150095	144106	148719	147249	501	6164	142415
955	150170	144176	148792	147320	503	6168	142483
954	150237	144240	148858	147385	504	6172	142545
953	150312	144308	148932	147455	505	6180	142610
952	150391	144384	149011	147532	506	6183	142685
951	150451	144440	149069	147589	506	6186	142740
950	150521	144508	149138	147656	506	6189	142806
949	150592	144571	149208	147721	508	6197	142866
948	150651	144626	149265	147775	508	6202	142918
947	150728	144697	149340	147849	509	6205	142989
946	150800	144768	149411	147918	509	6207	143058
945	150870	144834	149480	147987	509	6210	143124
944	150959	144915	149566	148072	510	6217	143203
943	151039	144991	149643	148148	512	6218	143278
942	151108	145054	149710	148215	513	6223	143340
941	151183	145127	149784	148288	514	6226	143411
940	151261	145197	149859	148363	514	6231	143481
939	151333	145267	149930	148432	514	6234	143549
938	151400	145328	149994	148494	515	6237	143609
937	151474	145396	150066	148566	517	6243	143675
936	151536	145454	150127	148627	518	6247	143732
935	151595	145507	150183	148683	518	6250	143785
934	151659	145565	150245	148745	518	6254	143843
933	151748	145646	150332	148829	519	6261	143922
932	151826	145716	150406	148897	522	6268	143987
931	151905	145790	150483	148974	522	6271	144061
930	151974	145857	150551	149041	523	6274	144126
929	152040	145919	150615	149103	524	6279	144185
928	152112	145987	150685	149171	525	6281	144252
927	152163	146037	150736	149222	525	6282	144302
926	152223	146091	150795	149280	525	6288	144355
925	152304	146168	150876	149359	526	6292	144431
924	152380	146237	150950	149431	526	6299	144498
923	152461	146314	151029	149510	526	6301	144575
922	152533	146376	151092	149574	531	6303	144635
921	152604	146440	151159	149640	533	6306	144698
920	152688	146518	151243	149719	534	6315	144772
919	152747	146574	151301	149775	534	6319	144826
918	152825	146647	151375	149848	537	6321	144897
917	152889	146706	151438	149911	537	6325	144956
916	152954	146766	151503	149972	539	6330	145014
915	153034	146840	151582	150046	540	6338	145084
914	153102	146904	151648	150110	541	6343	145145
913	153172	146972	151718	150179	541	6346	145212
912	153247	147043	151792	150252	541	6350	145282
911	153309	147104	151854	150313	541	6352	145342
910	153382	147175	151927	150385	541	6355	145412
909	153460	147247	152000	150456	542	6356	145483
908	153542	147325	152081	150534	543	6360	145559
907	153617	147396	152155	150607	543	6364	145629
906	153708	147479	152241	150693	544	6368	145711
905	153784	147552	152316	150765	545	6371	145782
904	153860	147624	152390	150835	547	6376	145850
903	153926	147680	152452	150896	547	6383	145905
902	153995	147744	152517	150959	549	6385	145967
901	154070	147813	152588	151027	550	6391	146032
900	154138	147880	152655	151091	550	6394	146096
899	154202	147942	152717	151152	550	6395	146157
898	154273	148009	152786	151221	550	6397	146224
897	154341	148073	152852	151287	551	6400	146287
896	154407	148136	152917	151350	552	6402	146349
895	154482	148204	152991	151422	553	6408	146416
894	154551	148266	153057	151486	553	6414	146476
893	154622	148336	153126	151555	554	6414	146545
892	154695	148405	153199	151627	554	6419	146613
891	154768	148475	153268	151695	557	6422	146679
890	154838	148536	153333	151758	558	6429	146737
889	154909	148602	153402	151826	558	6433	146802
888	154979	148667	153472	151895	558	6439	146866
887	155043	148725	153534	151955	558	6445	146922
886	155114	148794	153604	152025	558	6446	146991
885	155174	148851	153662	152080	559	6448	147046
884	155249	148923	153736	152150	559	6454	147114
883	155326	148993	153810	152220	559	6462	147180
882	155379	149045	153863	152271	559	6465	147230
881	155446	149108	153930	152336	559	6471	147291
880	155520	149177	154002	152406	559	6476	147358
879	155601	149250	154080	152481	559	6484	147428
878	155671	149316	154149	152550	559	6487	147494
877	155741	149380	154217	152618	559	6491	147558
876	155809	149443	154282	152681	559	6495	147619
875	155882	149510	154352	152750	560	6500	147684
874	155949	149572	154417	152812	560	6506	147743
873	156030	149645	154494	152888	560	6511	147815
872	156093	149703	154554	152945	563	6513	147871
871	156168	149776	154626	153016	565	6515	147941
870	156243	149841	154697	153085	568	6520	148005
869	156321	149916	154772	153159	570	6523	148077
868	156400	149990	154848	153234	570	6526	148150
867	156462	150047	154909	153291	572	6530	148205
866	156522	150104	154969	153349	573	6533	148261
865	156608	150186	155054	153431	574	6540	148339
864	156689	150260	155134	153509	575	6546	148412
863	156763	150329	155205	153579	575	6549	148480
862	156846	150408	155285	153656	576	6554	148555
861	156918	150477	155355	153725	577	6557	148622
860	157002	150554	155436	153804	580	6563	148696
859	157067	150611	155498	153864	581	6568	148752
858	157133	150676	155564	153929	581	6570	148816
857	157216	150756	155644	154009	582	6571	148895
856	157279	150815	155704	154067	583	6575	148951
855	157359	150885	155778	154139	585	6583	149017
854	157425	150947	155842	154202	585	6586	149078
853	157497	151014	155909	154269	587	6588	149143
852	157565	151078	155975	154335	588	6591	149206
851	157631	151139	156039	154397	590	6595	149265
850	157704	151209	156110	154467	590	6597	149334
849	157794	151292	156197	154550	592	6604	149413
848	157869	151361	156269	154621	592	6608	149481
847	157956	151441	156355	154704	593	6615	149559
846	158035	151513	156431	154776	596	6623	149626
845	158121	151590	156515	154858	597	6630	149702
844	158175	151642	156568	154910	598	6630	149754
843	158259	151720	156649	154990	600	6633	149831
842	158341	151801	156730	155069	600	6635	149910
841	158420	151876	156809	155147	600	6640	149984
840	158489	151940	156875	155209	602	6645	150044
839	158547	151990	156931	155264	603	6650	150094
838	158625	152063	157008	155340	604	6653	150167
837	158700	152135	157081	155411	605	6657	150236
836	158777	152208	157156	155482	606	6664	150304
835	158854	152281	157231	155555	606	6668	150375
834	158926	152349	157301	155625	608	6672	150441
833	158991	152410	157365	155687	610	6676	150500
832	159055	152467	157427	155747	611	6681	150556
831	159125	152531	157495	155813	614	6684	150619
830	159202	152603	157570	155887	614	6688	150690
829	159276	152671	157642	155958	615	6694	150756
828	159333	152726	157698	156011	615	6698	150808
827	159412	152794	157772	156080	619	6704	150873
826	159487	152867	157845	156153	619	6707	150944
825	159545	152920	157899	156206	621	6711	150994
824	159636	153003	157988	156295	621	6717	151077
823	159712	153070	158061	156364	623	6723	151142
822	159782	153138	158131	156432	624	6725	151209
821	159844	153197	158191	156491	626	6726	151267
820	159919	153269	158266	156565	627	6728	151339
819	159969	153315	158315	156612	627	6733	151383
818	160037	153381	158382	156678	627	6735	151448
817	160128	153463	158472	156767	628	6742	151530
816	160206	153530	158542	156835	629	6748	151594
815	160276	153594	158610	156900	630	6753	151656
814	160353	153666	158686	156975	630	6758	151727
813	160430	153734	158758	157044	631	6763	151793
812	160504	153802	158830	157112	633	6767	151859
811	160589	153881	158913	157193	633	6773	151936
810	160666	153950	158988	157266	634	6779	152004
809	160747	154025	159067	157342	635	6784	152077
808	160821	154094	159139	157413	637	6787	152145
807	160896	154165	159214	157487	638	6790	152216
806	160981	154244	159296	157568	639	6792	152295
805	161058	154314	159369	157639	641	6796	152363
804	161134	154381	159438	157706	643	6799	152428
803	161209	154449	159510	157777	645	6806	152493
802	161278	154514	159577	157843	646	6810	152556
801	161363	154593	159658	157922	647	6815	152632
800	161455	154677	159745	158007	648	6821	152713
799	161539	154758	159826	158086	649	6827	152789
798	161613	154827	159896	158155	649	6829	152857
797	161682	154890	159961	158220	650	6832	152919
796	161751	154955	160028	158286	650	6835	152983
795	161827	155027	160102	158359	652	6837	153054
794	161907	155101	160178	158433	653	6842	153125
793	161993	155186	160264	158516	653	6846	153207
792	162089	155278	160358	158608	654	6851	153296
791	162159	155341	160424	158673	657	6855	153357
790	162239	155414	160501	158748	658	6859	153429
789	162315	155486	160574	158819	658	6862	153499
788	162382	155551	160641	158886	658	6864	153564
787	162459	155625	160715	158959	660	6867	153635
786	162518	155680	160770	159013	662	6870	153687
785	162605	155759	160850	159090	662	6874	153763
784	162682	155829	160925	159163	663	6879	153832
783	162767	155908	161007	159243	665	6886	153907
782	162833	155969	161071	159307	665	6889	153968
781	162911	156042	161145	159379	666	6893	154038
780	162992	156115	161222	159454	667	6897	154110
779	163070	156192	161299	159529	667	6899	154185
778	163149	156268	161376	159606	667	6900	154261
777	163220	156334	161447	159676	667	6906	154326
776	163308	156416	161532	159756	669	6910	154405
775	163383	156483	161602	159825	669	6914	154471
774	163456	156552	161671	159893	669	6915	154539
773	163523	156613	161737	159958	670	6922	154598
772	163597	156683	161808	160029	671	6924	154667
771	163683	156764	161891	160112	671	6926	154748
770	163763	156838	161970	160189	672	6931	154821
769	163833	156903	162035	160251	675	6934	154882
768	163914	156979	162112	160327	676	6937	154956
767	163994	157050	162186	160401	677	6941	155026
766	164053	157105	162243	160457	678	6945	155079
765	164135	157182	162323	160533	678	6952	155152
764	164215	157255	162400	160608	680	6957	155223
763	164283	157319	162466	160670	680	6963	155283
762	164365	157396	162545	160749	680	6965	155360
761	164431	157458	162610	160813	681	6967	155422
760	164515	157542	162694	160896	681	6968	155505
759	164609	157629	162785	160986	682	6974	155590
758	164695	157707	162867	161066	684	6979	155666
757	164791	157798	162960	161158	686	6984	155754
756	164874	157872	163038	161235	688	6991	155825
755	164952	157943	163111	161308	689	6994	155895
754	165032	158018	163187	161381	690	6999	155966
753	165100	158082	163254	161448	690	7002	156030
752	165202	158176	163355	161548	691	7008	156124
751	165276	158246	163427	161620	692	7011	156193
750	165353	158321	163503	161696	693	7013	156267
749	165451	158416	163598	161788	694	7017	156358
748	165536	158495	163678	161867	696	7021	156434
747	165622	158576	163763	161947	698	7026	156512
746	165700	158648	163840	162022	698	7033	156582
745	165766	158712	163906	162086	699	7035	156645
744	165827	158768	163967	162145	700	7040	156700
743	165904	158843	164044	162220	700	7044	156773
742	165985	158920	164124	162299	700	7048	156849
741	166061	158993	164199	162371	702	7052	156919
740	166135	159063	164272	162440	704	7058	156985
739	166216	159139	164352	162516	705	7064	157058
738	166299	159212	164427	162586	708	7068	157127
737	166391	159299	164518	162674	710	7071	157213
736	166485	159390	164610	162764	710	7074	157302
735	166563	159461	164685	162837	710	7080	157371
734	166636	159529	164755	162905	710	7084	157437
733	166708	159596	164826	162973	710	7091	157501
732	166797	159682	164913	163059	710	7093	157586
731	166897	159774	165009	163155	710	7097	157678
730	166976	159849	165086	163231	712	7102	157750
729	167060	159921	165166	163306	714	7111	157819
728	167144	159999	165246	163385	717	7114	157895
727	167231	160084	165332	163467	717	7119	157976
726	167319	160170	165420	163552	718	7122	158060
725	167393	160238	165492	163623	719	7125	158128
724	167478	160319	165577	163705	719	7132	158206
723	167558	160392	165654	163781	719	7137	158278
722	167659	160490	165752	163875	722	7141	158371
721	167738	160562	165830	163952	723	7146	158443
720	167807	160623	165895	164016	723	7151	158503
719	167884	160700	165972	164092	723	7152	158579
718	167974	160785	166060	164179	723	7156	158663
717	168051	160858	166135	164251	723	7161	158733
716	168125	160927	166207	164321	723	7166	158800
715	168205	161001	166285	164397	724	7173	158871
714	168299	161090	166374	164485	728	7175	158957
713	168374	161162	166448	164559	729	7178	159028
712	168434	161218	166504	164614	732	7182	159080
711	168522	161298	166586	164694	733	7184	159159
710	168607	161380	166669	164777	734	7186	159240
709	168702	161465	166758	164866	735	7191	159324
708	168781	161537	166833	164938	736	7195	159394
707	168865	161616	166916	165021	737	7200	159472
706	168943	161690	166992	165095	738	7202	159545
705	169031	161771	167075	165178	738	7204	159626
704	169109	161846	167151	165253	739	7204	159701
703	169185	161916	167222	165320	741	7208	159767
702	169275	162003	167309	165404	745	7209	159851
701	169361	162078	167386	165477	749	7216	159920
700	169428	162142	167450	165540	750	7218	159982
699	169513	162221	167532	165621	750	7222	160060
698	169613	162317	167631	165720	750	7225	160156
697	169690	162391	167706	165793	751	7229	160227
696	169777	162468	167792	165877	752	7238	160303
695	169856	162543	167870	165953	753	7241	160377
694	169951	162630	167960	166037	755	7249	160458
693	170024	162692	168027	166102	755	7256	160518
692	170102	162764	168102	166176	755	7260	160589
691	170199	162854	168196	166267	756	7265	160677
690	170288	162937	168282	166349	758	7268	160758
689	170368	163009	168361	166427	758	7276	160829
688	170450	163087	168440	166506	758	7277	160907
687	170527	163158	168514	166578	758	7282	160976
686	170617	163241	168599	166661	760	7285	161057
685	170692	163310	168670	166730	764	7287	161124
684	170783	163392	168754	166814	765	7290	161205
683	170857	163456	168821	166877	765	7297	161265
682	170941	163533	168904	166958	768	7302	161341
681	171040	163626	169000	167048	772	7306	161430
680	171122	163696	169081	167125	772	7321	161496
679	171208	163779	169165	167208	773	7324	161577
678	171305	163866	169256	167295	778	7331	161659
677	171397	163955	169348	167383	779	7336	161745
676	171486	164035	169433	167468	780	7342	161824
675	171577	164122	169522	167555	781	7347	161908
674	171665	164201	169609	167640	782	7355	161986
673	171735	164265	169674	167700	783	7362	162044
672	171835	164358	169770	167795	783	7366	162136
671	171940	164456	169870	167894	783	7369	162233
670	172033	164545	169962	167982	784	7374	162319
669	172128	164636	170054	168073	787	7376	162408
668	172202	164704	170126	168142	789	7382	162473
667	172297	164793	170217	168231	789	7386	162560
666	172408	164893	170325	168338	789	7395	162659
665	172484	164964	170397	168409	789	7397	162729
664	172580	165054	170489	168497	790	7401	162816
663	172657	165128	170564	168572	791	7403	162889
662	172757	165219	170660	168665	791	7411	162977
661	172840	165297	170739	168743	791	7413	163054
660	172937	165385	170833	168834	792	7420	163140
659	173030	165471	170921	168921	793	7424	163224
658	173118	165556	171007	169006	793	7426	163308
657	173221	165652	171106	169103	793	7431	163402
656	173314	165737	171194	169188	795	7436	163484
655	173399	165817	171276	169266	797	7441	163560
654	173489	165899	171363	169350	799	7448	163639
653	173563	165972	171436	169422	800	7450	163710
652	173670	166072	171538	169522	801	7458	163805
651	173755	166153	171620	169601	801	7465	163881
650	173851	166247	171714	169691	802	7470	163970
649	173923	166311	171784	169760	802	7477	164033
648	174019	166397	171877	169849	804	7487	164115
647	174110	166483	171965	169932	804	7494	164196
646	174202	166568	172054	170018	805	7499	164279
645	174292	166648	172142	170102	806	7509	164356
644	174389	166740	172238	170195	807	7514	164446
643	174466	166808	172312	170269	807	7520	164514
642	174539	166877	172384	170337	807	7527	164579
641	174643	166972	172482	170432	807	7533	164671
640	174746	167068	172582	170529	809	7539	164764
639	174848	167162	172678	170621	811	7547	164852
638	174948	167256	172776	170715	812	7553	164943
637	175041	167342	172863	170799	813	7558	165025
636	175130	167427	172949	170880	814	7562	165106
635	175215	167508	173033	170962	816	7566	165185
634	175330	167616	173145	171070	820	7572	165289
633	175435	167715	173243	171168	823	7574	165385
632	175532	167809	173338	171261	823	7577	165477
631	175616	167888	173420	171340	824	7581	165554
630	175726	167992	173525	171443	827	7584	165655
629	175823	168081	173616	171534	828	7587	165743
628	175923	168174	173713	171629	828	7593	165834
627	176020	168264	173807	171719	830	7600	165920
626	176115	168351	173901	171810	832	7606	166006
625	176203	168431	173986	171891	833	7613	166083
624	176297	168520	174077	171980	833	7617	166170
623	176389	168608	174167	172067	834	7623	166254
622	176493	168702	174264	172164	836	7628	166346
621	176585	168786	174353	172252	837	7632	166430
620	176674	168866	174436	172334	839	7635	166509
619	176778	168962	174533	172429	841	7640	166601
618	176870	169050	174621	172515	842	7643	166686
617	176950	169125	174699	172592	842	7647	166760
616	177038	169206	174783	172673	843	7654	166837
615	177123	169280	174863	172752	845	7660	166910
614	177221	169371	174956	172840	848	7664	166997
613	177311	169457	175042	172924	848	7666	167081
612	177399	169537	175125	173005	850	7670	167159
611	177499	169629	175219	173098	850	7673	167250
610	177600	169728	175317	173196	853	7675	167346
609	177687	169808	175402	173280	853	7681	167425
608	177792	169903	175499	173373	858	7686	167515
607	177888	169993	175592	173464	859	7692	167602
606	177980	170079	175681	173550	860	7696	167686
605	178073	170169	175772	173638	861	7701	167772
604	178176	170261	175873	173734	863	7711	167861
603	178273	170353	175965	173822	865	7714	167949
602	178373	170444	176058	173912	866	7717	168038
601	178477	170544	176160	174013	866	7723	168135
600	178570	170630	176248	174100	870	7727	168218
599	178660	170709	176334	174185	871	7733	168297
598	178761	170804	176430	174280	872	7736	168390
597	178865	170901	176532	174379	873	7742	168485
596	178941	170970	176607	174449	876	7747	168552
595	179036	171063	176701	174541	876	7750	168643
594	179128	171149	176788	174625	878	7756	168724
593	179220	171234	176876	174710	880	7761	168806
592	179323	171329	176975	174809	881	7766	168900
591	179417	171415	177064	174895	882	7770	168984
590	179496	171488	177138	174969	883	7772	169056
589	179593	171574	177227	175058	885	7777	169140
588	179682	171654	177312	175141	887	7783	169218
587	179771	171737	177397	175225	887	7786	169300
586	179862	171822	177484	175309	889	7793	169380
585	179961	171913	177574	175399	892	7795	169468
584	180062	172004	177671	175486	896	7803	169553
583	180153	172085	177754	175570	898	7806	169633
582	180280	172198	177874	175685	899	7819	169740
581	180370	172280	177961	175769	900	7825	169820
580	180458	172361	178045	175853	902	7827	169901
579	180578	172473	178160	175966	903	7833	170010
578	180695	172584	178273	176076	906	7838	170117
577	180806	172684	178381	176181	907	7847	170215
576	180895	172768	178468	176265	909	7852	170296
575	181001	172872	178572	176369	911	7854	170398
574	181087	172950	178651	176444	914	7859	170471
573	181185	173038	178745	176534	916	7865	170557
572	181293	173142	178850	176635	919	7870	170656
571	181389	173227	178942	176726	921	7880	170738
570	181500	173327	179050	176830	923	7888	170836
569	181591	173412	179136	176913	923	7892	170918
568	181709	173521	179248	177025	926	7898	171024
567	181816	173622	179354	177131	927	7904	171124
566	181913	173709	179446	177220	928	7910	171209
565	182015	173802	179545	177316	930	7918	171299
564	182113	173893	179641	177411	931	7922	171390
563	182228	174002	179752	177519	932	7928	171495
562	182326	174092	179848	177615	932	7934	171585
561	182419	174177	179938	177702	932	7942	171667
560	182536	174284	180048	177809	935	7948	171770
559	182639	174376	180148	177905	938	7954	171861
558	182722	174457	180231	177985	939	7957	171940
557	182833	174558	180336	178088	940	7964	172038
556	182951	174667	180449	178197	942	7971	172143
555	183047	174753	180540	178284	945	7980	172224
554	183157	174850	180644	178388	947	7989	172319
553	183268	174951	180749	178489	950	7994	172417
552	183375	175049	180854	178590	951	8003	172512
551	183486	175155	180963	178697	951	8008	172616
550	183586	175248	181057	178789	953	8013	172705
549	183699	175351	181167	178893	956	8020	172805
548	183813	175455	181275	179001	957	8025	172908
547	183918	175551	181373	179098	957	8031	173001
546	184017	175643	181470	179190	960	8038	173089
545	184127	175748	181575	179291	962	8044	173188
544	184231	175839	181673	179383	964	8056	173273
543	184318	175915	181756	179462	966	8063	173347
542	184433	176020	181866	179571	968	8068	173451
541	184547	176122	181974	179672	974	8075	173548
540	184663	176229	182081	179773	976	8083	173647
539	184769	176325	182182	179874	976	8088	173743
538	184887	176435	182294	179980	977	8097	173846
537	185006	176545	182407	180090	978	8104	173952
536	185111	176640	182507	180187	982	8113	174042
535	185214	176735	182606	180281	986	8117	174134
534	185333	176848	182724	180395	987	8124	174244
533	185449	176957	182839	180503	988	8135	174347
532	185568	177067	182952	180614	989	8138	174456
531	185685	177173	183063	180718	990	8148	174556
530	185814	177293	183191	180842	993	8157	174673
529	185909	177384	183285	180933	994	8161	174762
528	186020	177484	183390	181035	997	8166	174860
527	186122	177580	183491	181132	999	8174	174952
526	186224	177672	183589	181226	1001	8183	175040
525	186334	177774	183693	181327	1003	8187	175139
524	186474	177901	183827	181454	1006	8201	175258
523	186580	177996	183929	181555	1006	8209	175352
522	186696	178103	184040	181661	1006	8218	175454
521	186826	178222	184164	181780	1009	8228	175567
520	186941	178331	184278	181890	1010	8235	175673
519	187047	178425	184379	181986	1013	8244	175763
518	187162	178532	184487	182089	1013	8253	175863
517	187284	178647	184603	182202	1015	8256	175975
516	187381	178740	184697	182294	1016	8260	176065
515	187500	178844	184809	182400	1019	8268	176166
514	187626	178959	184927	182513	1021	8278	176274
513	187728	179050	185023	182604	1023	8284	176362
512	187841	179151	185129	182707	1025	8291	176460
511	187967	179269	185252	182822	1028	8301	176571
510	188097	179388	185380	182946	1030	8310	176688
509	188208	179495	185487	183049	1032	8316	176789
508	188319	179600	185596	183152	1032	8326	176888
507	188428	179701	185704	183256	1034	8333	176987
506	188548	179808	185820	183367	1036	8343	177091
505	188652	179906	185922	183467	1037	8347	177188
504	188759	180008	186027	183568	1039	8356	177284
503	188881	180123	186146	183684	1040	8361	177397
502	189002	180234	186258	183795	1042	8365	177505
501	189111	180340	186364	183899	1043	8368	177608
500	189219	180442	186466	183998	1045	8373	177705
499	189335	180549	186580	184109	1048	8380	177810
498	189457	180666	186698	184227	1050	8383	177925
497	189578	180779	186815	184337	1053	8394	178030
496	189676	180866	186911	184430	1053	8406	178114
495	189802	180980	187033	184543	1056	8420	178220
494	189911	181078	187139	184645	1059	8426	178317
493	190016	181178	187241	184746	1060	8430	178415
492	190143	181300	187364	184866	1062	8436	178532
491	190262	181408	187478	184976	1065	8446	178635
490	190397	181524	187603	185097	1068	8456	178748
489	190514	181632	187715	185206	1070	8462	178853
488	190644	181751	187840	185327	1072	8468	178970
487	190748	181847	187940	185423	1076	8471	179064
486	190894	181982	188081	185557	1080	8482	179192
485	191019	182097	188202	185672	1084	8492	179301
484	191139	182210	188315	185781	1087	8499	179407
483	191248	182309	188421	185880	1089	8509	179501
482	191385	182437	188554	186011	1091	8515	179627
481	191509	182555	188675	186127	1092	8521	179741
480	191647	182681	188809	186256	1093	8532	179863
479	191776	182798	188930	186376	1093	8537	179979
478	191910	182920	189057	186501	1094	8542	180100
477	192041	183034	189182	186621	1100	8555	180209
476	192159	183138	189292	186725	1104	8562	180309
475	192281	183247	189407	186834	1108	8569	180414
474	192405	183362	189528	186952	1109	8579	180525
473	192518	183467	189639	187059	1111	8588	180626
472	192645	183584	189761	187178	1113	8595	180740
471	192780	183705	189885	187295	1114	8606	180853
470	192902	183821	190003	187409	1117	8612	180964
469	193032	183943	190129	187534	1118	8618	181084
468	193153	184057	190244	187645	1118	8623	181194
467	193258	184157	190349	187742	1118	8636	181286
466	193398	184287	190485	187875	1118	8645	181413
465	193523	184407	190608	187994	1119	8653	181528
464	193638	184508	190718	188101	1120	8663	181627
463	193757	184616	190831	188207	1122	8674	181728
462	193880	184729	190948	188319	1124	8685	181834
461	194014	184852	191076	188444	1124	8693	181954
460	194139	184961	191193	188555	1125	8708	182056
459	194281	185094	191330	188685	1127	8715	182184
458	194401	185203	191444	188796	1129	8725	182288
457	194532	185323	191570	188917	1131	8735	182403
456	194670	185449	191702	189045	1135	8743	182525
455	194807	185577	191837	189178	1136	8753	182650
454	194946	185702	191969	189305	1138	8764	182770
453	195067	185813	192085	189418	1139	8770	182879
452	195198	185936	192211	189543	1140	8775	183000
451	195342	186064	192343	189675	1141	8780	183127
450	195470	186186	192469	189794	1143	8790	183242
449	195600	186303	192591	189911	1145	8796	183356
448	195745	186436	192728	190043	1147	8807	183482
447	195878	186564	192859	190170	1148	8812	183607
446	196001	186677	192977	190285	1149	8818	183718
445	196150	186814	193118	190423	1151	8824	183852
444	196300	186956	193263	190563	1152	8833	183988
443	196436	187077	193391	190685	1158	8843	184103
442	196575	187207	193523	190813	1160	8851	184227
441	196702	187326	193645	190932	1162	8859	184341
440	196851	187463	193785	191065	1166	8867	184471
439	196994	187594	193924	191200	1169	8879	184597
438	197150	187731	194072	191345	1169	8893	184731
437	197279	187854	194198	191465	1171	8904	184846
436	197421	187976	194330	191591	1173	8919	184962
435	197535	188080	194436	191695	1176	8923	185063
434	197679	188215	194576	191829	1179	8931	185193
433	197819	188340	194709	191956	1180	8943	185313
432	197967	188475	194849	192092	1183	8952	185443
431	198094	188592	194972	192213	1183	8960	185558
430	198241	188723	195112	192345	1188	8970	185684
429	198377	188849	195242	192470	1192	8977	185805
428	198519	188975	195379	192604	1196	8989	185928
427	198688	189137	195546	192768	1198	8993	186089
426	198830	189270	195683	192903	1198	8999	186220
425	198961	189388	195811	193027	1200	9012	186334
424	199119	189535	195966	193173	1203	9023	186475
423	199269	189676	196111	193316	1205	9031	186612
422	199391	189789	196226	193425	1208	9039	186718
421	199536	189919	196365	193557	1211	9049	186844
420	199667	190042	196491	193680	1212	9053	186965
419	199816	190176	196631	193815	1216	9059	187096
418	199981	190329	196788	193969	1218	9065	187246
417	200105	190449	196910	194084	1221	9074	187358
416	200255	190593	197057	194227	1221	9081	187498
415	200404	190730	197198	194363	1224	9090	187629
414	200528	190843	197316	194479	1226	9099	187738
413	200675	190974	197455	194611	1233	9109	187863
412	200840	191119	197612	194761	1237	9123	188003
411	200982	191244	197746	194888	1240	9136	188122
410	201126	191372	197883	195020	1242	9149	188245
409	201280	191516	198030	195160	1247	9158	188381
408	201449	191672	198190	195316	1249	9168	188531
407	201602	191817	198338	195461	1250	9175	188672
406	201745	191945	198473	195592	1250	9186	188796
405	201902	192093	198623	195737	1253	9193	188938
404	202056	192234	198769	195875	1256	9206	189070
403	202195	192362	198901	196002	1260	9216	189191
402	202355	192505	199053	196147	1264	9230	189327
401	202522	192655	199210	196296	1269	9241	189470
400	202677	192793	199358	196441	1271	9253	189605
399	202848	192946	199520	196595	1274	9264	189753
398	203002	193089	199670	196737	1278	9274	189890
397	203154	193225	199813	196876	1283	9281	190023
396	203287	193348	199940	196997	1286	9285	190143
395	203444	193490	200091	197143	1290	9294	190282
394	203614	193646	200256	197302	1292	9305	190434
393	203779	193795	200414	197454	1296	9318	190577
392	203923	193933	200554	197586	1298	9327	190707
391	204066	194063	200691	197717	1300	9336	190833
390	204235	194212	200850	197874	1304	9346	190980
389	204423	194385	201029	198046	1311	9357	191145
388	204599	194550	201199	198210	1314	9362	191307
387	204773	194708	201367	198373	1316	9376	191460
386	204916	194836	201504	198503	1319	9386	191584
385	205073	194976	201657	198655	1320	9401	191722
384	205253	195142	201831	198827	1321	9409	191887
383	205405	195284	201976	198960	1326	9423	192016
382	205567	195431	202128	199107	1329	9433	192157
381	205729	195578	202281	199255	1333	9442	192299
380	205907	195731	202441	199401	1338	9459	192439
379	206065	195881	202594	199551	1340	9470	192582
378	206228	196032	202749	199698	1344	9483	192723
377	206387	196178	202901	199845	1346	9493	192864
376	206546	196315	203051	199988	1349	9510	192995
375	206693	196451	203189	200121	1352	9520	193123
374	206864	196609	203352	200277	1355	9529	193275
373	207040	196772	203521	200440	1357	9540	193432
372	207229	196939	203697	200608	1363	9560	193587
371	207401	197095	203861	200768	1367	9570	193739
370	207562	197236	204014	200914	1367	9589	193873
369	207731	197388	204177	201072	1369	9601	194022
368	207911	197553	204350	201239	1374	9611	194182
367	208082	197703	204510	201392	1378	9623	194327
366	208282	197877	204700	201573	1384	9639	194496
365	208452	198026	204859	201725	1387	9653	194639
364	208625	198181	205029	201888	1393	9666	194791
363	208786	198328	205183	202034	1394	9679	194931
362	208967	198491	205354	202199	1398	9691	195088
361	209147	198652	205528	202368	1402	9704	195246
360	209338	198824	205709	202541	1406	9716	195412
359	209507	198978	205867	202698	1411	9726	195560
358	209698	199151	206045	202873	1416	9739	195725
357	209885	199316	206225	203045	1423	9757	195883
356	210059	199473	206391	203205	1424	9773	196033
355	210244	199632	206565	203373	1426	9793	196186
354	210425	199797	206742	203541	1429	9808	196345
353	210616	199970	206924	203721	1431	9818	196516
352	210803	200140	207099	203891	1438	9823	196682
351	210983	200300	207268	204053	1442	9834	196837
350	211180	200482	207458	204238	1444	9846	197014
349	211371	200662	207641	204410	1449	9853	197186
348	211577	200856	207843	204602	1452	9871	197369
347	211767	201023	208021	204769	1460	9886	197527
346	211950	201189	208202	204943	1463	9902	197689
345	212131	201356	208370	205103	1470	9909	197847
344	212331	201546	208563	205290	1473	9918	198030
343	212535	201735	208760	205476	1476	9934	198209
342	212726	201906	208939	205650	1478	9943	198377
341	212921	202082	209124	205828	1484	9956	198546
340	213113	202262	209312	206008	1487	9972	198717
339	213290	202407	209472	206160	1495	9985	198858
338	213476	202571	209645	206325	1501	9999	199014
337	213678	202756	209838	206511	1504	10011	199193
336	213886	202940	210037	206694	1513	10036	199362
335	214059	203093	210197	206848	1515	10045	199511
334	214266	203284	210397	207037	1515	10065	199691
333	214478	203482	210605	207239	1517	10077	199885
332	214690	203670	210805	207434	1520	10088	200071
331	214869	203829	210973	207596	1527	10098	200225
330	215070	204018	211165	207780	1531	10110	200404
329	215242	204176	211331	207941	1531	10123	200557
328	215450	204355	211521	208124	1535	10139	200729
327	215633	204517	211692	208287	1540	10155	200882
326	215795	204665	211845	208435	1542	10164	201025
325	215979	204821	212012	208595	1546	10183	201172
324	216191	205013	212214	208793	1548	10196	201360
323	216401	205201	212412	208987	1552	10214	201540
322	216631	205399	212628	209197	1553	10242	201729
321	216843	205593	212830	209387	1560	10254	201914
320	217072	205801	213045	209591	1567	10273	202108
319	217309	206014	213264	209798	1572	10293	202306
318	217533	206213	213474	209998	1573	10312	202496
317	217741	206399	213670	210185	1576	10328	202674
316	217949	206586	213866	210372	1583	10341	202853
315	218168	206786	214076	210573	1584	10358	203045
314	218381	206978	214281	210768	1590	10375	203229
313	218580	207162	214472	210947	1594	10389	203403
312	218793	207353	214671	211135	1602	10404	203583
311	219031	207572	214899	211354	1604	10418	203795
310	219247	207769	215105	211551	1609	10429	203986
309	219467	207966	215306	211743	1615	10442	204172
308	219684	208158	215516	211948	1618	10462	204360
307	219908	208362	215730	212158	1620	10475	204560
306	220188	208607	215994	212411	1627	10503	204793
305	220387	208785	216183	212597	1630	10517	204967
304	220616	208993	216402	212811	1633	10533	205169
303	220832	209187	216607	213010	1637	10548	205357
302	221035	209366	216798	213188	1647	10562	205527
301	221258	209574	217009	213396	1651	10575	205726
300	221493	209788	217230	213603	1659	10592	205926
299	221715	209991	217438	213801	1662	10607	206118
298	221953	210193	217658	214013	1667	10626	206315
297	222177	210393	217875	214221	1672	10645	206509
296	222402	210589	218080	214415	1680	10661	206694
295	222638	210805	218307	214631	1689	10674	206902
294	222877	211015	218531	214847	1695	10690	207106
293	223105	211222	218746	215052	1701	10705	207303
292	223315	211411	218944	215243	1707	10715	207487
291	223568	211638	219183	215479	1712	10729	207710
290	223794	211843	219399	215680	1719	10750	207901
289	224035	212058	219628	215900	1722	10767	208110
288	224270	212275	219853	216115	1728	10782	208317
287	224525	212501	220093	216342	1738	10807	208528
286	224763	212722	220319	216563	1740	10822	208740
285	225024	212954	220561	216795	1746	10839	208962
284	225270	213179	220796	217020	1748	10855	209179
283	225541	213416	221044	217260	1750	10876	209406
282	225807	213656	221290	217499	1752	10891	209637
281	226052	213876	221518	217713	1762	10902	209847
280	226323	214126	221777	217962	1769	10913	210090
279	226586	214357	222023	218200	1775	10930	210315
278	226861	214611	222282	218447	1781	10944	210557
277	227085	214815	222495	218654	1785	10957	210755
276	227366	215076	222766	218913	1788	10976	211005
275	227616	215294	222988	219123	1798	10987	211211
274	227884	215538	223242	219363	1806	11004	211443
273	228116	215741	223461	219566	1814	11023	211636
272	228367	215965	223696	219793	1818	11040	211852
271	228622	216190	223933	220020	1826	11055	212069
270	228901	216445	224193	220267	1839	11071	212308
269	229186	216697	224462	220521	1845	11103	212543
268	229483	216970	224749	220793	1850	11128	212802
267	229763	217222	225012	221046	1854	11147	213044
266	230052	217484	225289	221310	1862	11165	213297
265	230311	217720	225533	221544	1872	11178	213523
264	230563	217940	225764	221770	1876	11195	213736
263	230859	218206	226042	222037	1883	11210	213994
262	231129	218455	226302	222288	1889	11227	214234
261	231396	218707	226560	222536	1894	11242	214475
260	231666	218946	226810	222779	1902	11256	214707
259	231966	219210	227090	223042	1913	11279	214957
258	232251	219462	227356	223295	1922	11300	215197
257	232508	219705	227603	223527	1927	11315	215426
256	232811	219974	227890	223803	1930	11338	215687
255	233105	220238	228167	224072	1933	11356	215944
254	233411	220512	228461	224356	1941	11379	216210
253	233705	220773	228739	224620	1953	11398	216461
252	233985	221019	229004	224870	1961	11425	216694
251	234295	221293	229298	225154	1966	11451	216959
250	234570	221536	229560	225401	1972	11482	217187
249	234883	221818	229854	225685	1979	11502	217458
248	235171	222071	230127	225942	1988	11526	217700
247	235434	222315	230382	226185	1992	11547	217932
246	235766	222624	230701	226492	1996	11567	218229
245	236032	222860	230949	226729	2003	11579	218459
244	236321	223120	231223	226992	2009	11598	218710
243	236631	223408	231519	227277	2022	11609	218988
242	236922	223663	231793	227532	2031	11635	219229
241	237219	223930	232068	227794	2036	11658	219480
240	237567	224243	232392	228109	2041	11677	219783
239	237903	224545	232708	228414	2043	11701	220074
238	238246	224861	233026	228720	2055	11721	220370
237	238584	225177	233353	229034	2064	11739	220674
236	238937	225495	233689	229354	2075	11760	220981
235	239249	225778	233986	229633	2081	11783	221250
234	239581	226075	234308	229942	2092	11811	221537
233	239932	226392	234637	230257	2100	11833	221840
232	240303	226725	234986	230595	2109	11857	222161
231	240632	227020	235297	230893	2117	11879	222445
230	241001	227353	235649	231229	2123	11911	222762
229	241345	227652	235971	231532	2136	11939	223047
228	241678	227952	236281	231825	2145	11957	223333
227	242031	228271	236611	232136	2159	11977	223635
226	242378	228587	236944	232447	2165	12007	223933
225	242702	228872	237245	232734	2174	12028	224207
224	243067	229190	237577	233052	2183	12053	224510
223	243417	229512	237913	233376	2194	12069	224823
222	243776	229833	238251	233702	2199	12094	225133
221	244107	230127	238561	233992	2210	12123	225408
220	244500	230470	238923	234332	2220	12156	225731
219	244886	230814	239287	234669	2232	12185	226056
218	245250	231132	239630	234999	2241	12214	226364
217	245625	231471	239981	235335	2251	12236	226688
216	245989	231794	240321	235662	2262	12262	226997
215	246389	232152	240702	236023	2272	12294	227339
214	246778	232497	241075	236366	2288	12329	227664
213	247175	232858	241453	236724	2294	12357	228009
212	247549	233189	241802	237053	2305	12379	228327
211	247945	233545	242181	237410	2314	12412	228666
210	248308	233864	242521	237725	2324	12447	228964
209	248683	234189	242858	238044	2338	12473	229269
208	249071	234536	243219	238389	2347	12503	229597
207	249488	234919	243621	238774	2356	12533	229964
206	249918	235292	244023	239155	2368	12577	230316
205	250293	235634	244384	239504	2375	12597	230651
204	250679	235981	244746	239848	2384	12624	230981
203	251075	236334	245122	240208	2392	12650	231324
202	251515	236711	245523	240593	2401	12684	231686
201	251925	237075	245911	240961	2413	12713	232036
200	252388	237472	246349	241369	2430	12756	232416
199	252831	237857	246751	241747	2441	12790	232778
198	253244	238231	247150	242126	2449	12825	233136
197	253703	238642	247584	242544	2461	12852	233535
196	254124	239020	247982	242925	2471	12878	233900
195	254564	239411	248388	243308	2478	12911	234269
194	254950	239750	248751	243651	2490	12943	234592
193	255374	240135	249153	244038	2502	12975	234958
192	255815	240518	249573	244434	2516	13023	235321
191	256216	240883	249946	244786	2527	13048	235664
190	256664	241288	250374	245196	2535	13079	236055
189	257110	241684	250795	245589	2547	13117	236429
188	257552	242062	251204	245980	2560	13155	236792
187	257989	242440	251606	246366	2567	13187	237157
186	258451	242852	252037	246780	2580	13218	237551
185	258901	243261	252462	247192	2587	13248	237944
184	259344	243648	252870	247583	2594	13284	238313
183	259809	244071	253309	248007	2605	13314	238718
182	260276	244487	253746	248430	2612	13350	239117
181	260763	244928	254205	248868	2622	13384	239537
180	261256	245350	254659	249303	2633	13428	239941
179	261735	245766	255105	249724	2652	13466	240337
178	262210	246195	255553	250155	2660	13495	240751
177	262714	246637	256013	250592	2672	13533	241168
176	263219	247090	256484	251046	2685	13572	241597
175	263736	247552	256971	251514	2698	13611	242039
174	264245	247997	257446	251955	2712	13656	242458
173	264746	248436	257908	252397	2724	13690	242879
172	265250	248872	258378	252832	2744	13734	243290
171	265814	249369	258903	253330	2753	13786	243759
170	266365	249843	259415	253818	2767	13832	244215
169	266946	250348	259947	254322	2780	13879	244693
168	267524	250873	260488	254842	2796	13911	245195
167	268136	251414	261059	255388	2811	13948	245718
166	268695	251905	261578	255880	2825	13990	246186
165	269236	252381	262076	256348	2837	14039	246630
164	269811	252887	262612	256851	2861	14081	247109
163	270354	253364	263119	257337	2874	14121	247568
162	270904	253826	263623	257811	2892	14166	248012
161	271492	254342	264169	258330	2911	14212	248502
160	272075	254868	264727	258860	2927	14255	249006
159	272670	255386	265288	259391	2940	14308	249503
158	273263	255904	265838	259911	2962	14353	249995
157	273829	256407	266376	260424	2976	14397	250479
156	274409	256920	266911	260936	2987	14444	250964
155	275088	257518	267547	261545	3002	14491	251542
154	275716	258065	268121	262089	3019	14535	252062
153	276362	258637	268724	262658	3036	14587	252603
152	276993	259167	269302	263200	3061	14645	253106
151	277647	259741	269909	263779	3078	14696	253653
150	278298	260312	270510	264350	3094	14745	254196
149	278914	260856	271083	264896	3110	14784	254719
148	279614	261476	271733	265516	3126	14827	255315
147	280260	262031	272322	266069	3149	14872	255843
146	280957	262651	272970	266678	3170	14921	256429
145	281574	263184	273525	267216	3187	14956	256942
144	282219	263756	274125	267784	3204	15000	257487
143	282888	264356	274749	268377	3228	15040	258058
142	283607	264982	275414	269007	3248	15095	258655
141	284295	265566	276044	269601	3271	15155	259210
140	284986	266184	276680	270211	3286	15190	259803
139	285658	266776	277309	270807	3302	15240	260370
138	286341	267367	277941	271408	3319	15293	260937
137	287050	267979	278599	272023	3353	15347	261518
136	287804	268631	279308	272685	3381	15407	262143
135	288559	269289	280018	273355	3406	15473	262770
134	289258	269898	280659	273958	3433	15522	263346
133	290012	270555	281359	274613	3454	15586	263967
132	290740	271187	282037	275242	3480	15653	264560
131	291512	271854	282757	275927	3502	15721	265198
130	292278	272518	283463	276600	3527	15767	265840
129	293083	273219	284202	277293	3553	15823	266505
128	293877	273891	284922	277975	3581	15886	267145
127	294724	274631	285712	278726	3602	15951	267855
126	295557	275369	286490	279478	3621	16012	268564
125	296377	276081	287241	280191	3648	16062	269247
124	297259	276826	288044	280950	3676	16141	269954
123	298062	277512	288777	281645	3698	16206	270608
122	298917	278258	289574	282401	3723	16269	271324
121	299780	279008	290378	283158	3755	16336	272039
120	300677	279788	291220	283954	3782	16408	272788
119	301609	280601	292084	284779	3811	16461	273577
118	302477	281368	292888	285542	3837	16517	274309
117	303458	282218	293779	286400	3856	16583	275125
116	304408	283044	294659	287229	3888	16654	275912
115	305375	283888	295555	288075	3914	16728	276716
114	306318	284718	296422	288901	3951	16792	277502
113	307281	285544	297318	289740	3980	16882	278286
112	308309	286433	298272	290645	4009	16971	279133
111	309328	287336	299222	291538	4037	17052	279985
110	310281	288147	300094	292362	4071	17126	280760
109	311336	289053	301063	293267	4109	17216	281614
108	312327	289922	301983	294136	4142	17297	282435
107	313403	290831	302953	295053	4177	17383	283298
106	314440	291727	303911	295950	4212	17469	284146
105	315496	292629	304885	296872	4244	17553	285012
104	316577	293547	305863	297796	4285	17642	285879
103	317690	294516	306888	298780	4325	17716	286809
102	318803	295463	307904	299743	4358	17811	287710
101	319915	296405	308898	300682	4404	17889	288601
100	321055	297388	309938	301671	4435	17980	289534
99	322257	298403	311019	302693	4472	18076	290497
98	323404	299384	312068	303667	4521	18169	291420
97	324581	300388	313144	304680	4560	18262	292376
96	325837	301469	314302	305761	4604	18376	293392
95	327090	302547	315457	306848	4650	18465	294424
94	328402	303668	316653	307976	4697	18568	295488
93	329698	304772	317814	309085	4741	18655	296540
92	331027	305888	319022	310226	4789	18769	297603
91	332350	307005	320218	311337	4838	18880	298654
90	333679	308113	321403	312457	4886	18986	299705
89	335104	309321	322687	313668	4933	19095	300851
88	336491	310511	323960	314864	4978	19213	301977
87	337926	311722	325260	316089	5025	19334	303126
86	339399	312953	326604	317351	5085	19472	304293
85	340893	314231	327976	318642	5132	19592	305511
84	342374	315488	329316	319924	5179	19699	306717
83	343961	316772	330710	321222	5247	19823	307937
82	345531	318096	332157	322584	5303	19949	309212
81	347073	319417	333560	323897	5361	20065	310461
80	348665	320768	335003	325259	5430	20184	311744
79	350249	322115	336431	326605	5481	20305	313020
78	351928	323529	337956	328054	5534	20443	314373
77	353651	324978	339512	329503	5598	20589	315739
76	355382	326452	341104	330996	5652	20734	317144
75	357243	327990	342754	332540	5721	20898	318589
74	359121	329557	344448	334112	5806	21061	320063
73	361038	331174	346165	335737	5871	21210	321595
72	362830	332664	347781	337256	5933	21375	323006
71	364817	334338	349584	338937	6013	21550	324582
70	366804	335983	351360	340616	6099	21708	326148
69	368799	337658	353155	342306	6172	21856	327745
68	370840	339353	354996	344040	6230	22053	329351
67	373015	341143	356958	345885	6316	22251	331056
66	375162	342939	358899	347709	6414	22434	332755
65	377374	344789	360892	349606	6500	22609	334523
64	379598	346641	362879	351483	6587	22785	336282
63	381869	348527	364916	353384	6682	22984	338059
62	384365	350564	367133	355450	6777	23209	339984
61	386796	352595	369300	357490	6865	23380	341920
60	389190	354560	371426	359489	6947	23591	343782
59	391737	356665	373698	361603	7043	23829	345755
58	394314	358802	376003	363749	7153	24041	347773
57	396985	360988	378360	365951	7263	24267	349834
56	399778	363247	380822	368239	7393	24492	351977
55	402720	365642	383436	370659	7516	24767	354229
54	405592	367984	385976	373018	7638	25022	356432
53	408586	370443	388636	375486	7757	25285	358746
52	411744	373051	391455	378127	7875	25555	361216
51	414743	375535	394132	380632	7995	25800	363568
50	417970	378172	396989	383292	8132	26075	366057
49	421396	380946	400008	386112	8275	26365	368687
48	424924	383764	403097	388974	8436	26697	371335
47	428572	386705	406291	391963	8577	27020	374114
46	432294	389725	409548	395019	8714	27322	376978
45	436152	392844	412923	398153	8892	27646	379912
44	440085	396030	416377	401370	9057	27977	382922
43	444174	399341	419939	404722	9215	28278	386077
42	448438	402780	423672	408168	9409	28648	389305
41	452895	406374	427571	411784	9599	29048	392678
40	457505	410069	431586	415496	9821	29446	396146
39	462385	413956	435796	419425	10019	29843	399824
38	467387	417929	440116	423448	10237	30285	403562
37	472634	422090	444654	427643	10465	30747	407476
36	478011	426378	449322	432000	10704	31200	411532
35	483737	430921	454273	436585	10958	31748	415775
34	489662	435585	459397	441331	11221	32291	420170
33	495845	440452	464709	446242	11494	32849	424737
32	502390	445630	470347	451482	11795	33402	429620
31	509117	450876	476126	456803	12115	34017	434552
30	516164	456328	482113	462362	12433	34614	439714
29	523662	462199	488554	468274	12812	35318	445193
28	531779	468505	495516	474685	13211	36060	451125
27	540242	475018	502659	481247	13597	36832	457221
26	549223	481907	510269	488244	14046	37679	463672
25	558703	489167	518271	495553	14533	38563	470444
24	568782	496887	526784	503413	14994	39525	477680
23	579444	505036	535734	511649	15493	40498	485310
22	591063	513820	545485	520588	16070	41588	493549
21	603370	523109	555720	530001	16681	42692	502255
20	616731	533219	566916	540239	17382	43898	511732
19	631209	544064	578967	551243	18148	45285	521852
18	646685	555636	591758	562886	18954	46691	532648
17	663683	568353	605808	575749	19780	48252	544542
16	682446	582171	621187	589809	20738	50005	557473
15	703356	597460	638141	605309	21832	51932	571738
14	726289	614143	656796	622218	23116	54087	587289
13	752317	632893	677820	641259	24532	56598	604748
12	781900	654007	701495	662675	26211	59491	624328
11	815524	677842	728200	686831	28122	62666	646473
10	854496	705216	758999	714554	30376	66405	671861
9	900421	736905	794800	746671	33040	71087	701054
8	956245	774663	837773	784913	36523	76716	735798
7	1025178	820437	890040	831220	40863	83714	777802
6	1113364	877755	955769	888928	46404	93267	829838
5	1233128	952768	1042719	964232	54585	106710	897238
4	1409460	1056764	1165333	1067517	67974	127647	988782
3	1704773	1213165	1357277	1222017	94062	166053	1122097
2	2332812	1481580	1710748	1484547	160676	251740	1337573
1	4560294	2029056	2521294	2013988	398246	498204	1723228
