min projects	junctions	annotated	exonskips	altstartend	novel	GTAG	annotated GTAG	GCAG	annotated GCAG	ATAC	annotated ATAC
784	1	1	0	0	0	1	1	0	0	0	0
783	1	1	0	0	0	1	1	0	0	0	0
782	1	1	0	0	0	1	1	0	0	0	0
781	1	1	0	0	0	1	1	0	0	0	0
780	1	1	0	0	0	1	1	0	0	0	0
779	1	1	0	0	0	1	1	0	0	0	0
778	2	2	0	0	0	2	2	0	0	0	0
777	2	2	0	0	0	2	2	0	0	0	0
776	4	4	0	0	0	4	4	0	0	0	0
775	4	4	0	0	0	4	4	0	0	0	0
774	4	4	0	0	0	4	4	0	0	0	0
773	4	4	0	0	0	4	4	0	0	0	0
772	4	4	0	0	0	4	4	0	0	0	0
771	5	5	0	0	0	5	5	0	0	0	0
770	5	5	0	0	0	5	5	0	0	0	0
769	5	5	0	0	0	5	5	0	0	0	0
768	5	5	0	0	0	5	5	0	0	0	0
767	7	7	0	0	0	7	7	0	0	0	0
766	7	7	0	0	0	7	7	0	0	0	0
765	11	11	0	0	0	11	11	0	0	0	0
764	13	12	0	1	0	13	12	0	0	0	0
763	14	13	0	1	0	14	13	0	0	0	0
762	15	14	0	1	0	15	14	0	0	0	0
761	15	14	0	1	0	15	14	0	0	0	0
760	18	16	0	2	0	18	16	0	0	0	0
759	22	20	0	2	0	22	20	0	0	0	0
758	23	21	0	2	0	23	21	0	0	0	0
757	23	21	0	2	0	23	21	0	0	0	0
756	26	24	0	2	0	26	24	0	0	0	0
755	31	29	0	2	0	31	29	0	0	0	0
754	38	36	0	2	0	38	36	0	0	0	0
753	47	45	0	2	0	47	45	0	0	0	0
752	54	52	0	2	0	54	52	0	0	0	0
751	59	57	0	2	0	59	57	0	0	0	0
750	66	64	0	2	0	66	64	0	0	0	0
749	75	73	0	2	0	75	73	0	0	0	0
748	80	78	0	2	0	80	78	0	0	0	0
747	84	82	0	2	0	84	82	0	0	0	0
746	88	86	0	2	0	88	86	0	0	0	0
745	104	102	0	2	0	103	101	1	1	0	0
744	117	115	0	2	0	116	114	1	1	0	0
743	134	132	0	2	0	133	131	1	1	0	0
742	150	147	0	2	1	148	146	2	1	0	0
741	164	161	0	2	1	162	160	2	1	0	0
740	180	177	0	2	1	178	176	2	1	0	0
739	198	195	0	2	1	196	194	2	1	0	0
738	218	215	0	2	1	214	212	4	3	0	0
737	249	246	0	2	1	244	242	5	4	0	0
736	273	270	0	2	1	268	266	5	4	0	0
735	305	302	0	2	1	299	297	6	5	0	0
734	340	337	0	2	1	333	331	7	6	0	0
733	378	375	0	2	1	371	369	7	6	0	0
732	424	421	0	2	1	417	415	7	6	0	0
731	470	467	0	2	1	460	458	10	9	0	0
730	524	521	0	2	1	514	512	10	9	0	0
729	566	563	0	2	1	556	554	10	9	0	0
728	640	637	0	2	1	629	627	11	10	0	0
727	693	690	0	2	1	681	679	12	11	0	0
726	756	753	0	2	1	744	742	12	11	0	0
725	835	832	0	2	1	822	820	13	12	0	0
724	931	928	0	2	1	917	915	14	13	0	0
723	1005	1002	0	2	1	991	989	14	13	0	0
722	1110	1106	0	3	1	1096	1093	14	13	0	0
721	1241	1236	0	3	2	1225	1222	14	13	2	1
720	1363	1357	0	4	2	1346	1342	15	14	2	1
719	1535	1528	0	5	2	1518	1513	15	14	2	1
718	1715	1708	0	5	2	1696	1691	17	16	2	1
717	1896	1889	0	5	2	1874	1869	20	19	2	1
716	2089	2082	0	5	2	2066	2061	21	20	2	1
715	2296	2289	0	5	2	2270	2265	24	23	2	1
714	2520	2513	0	5	2	2493	2488	25	24	2	1
713	2800	2791	0	6	3	2769	2763	28	26	3	2
712	3048	3039	0	6	3	3016	3010	28	26	4	3
711	3320	3311	0	6	3	3283	3277	33	31	4	3
710	3655	3646	0	6	3	3613	3607	38	36	4	3
709	3979	3970	0	6	3	3932	3926	42	40	5	4
708	4365	4354	0	6	5	4312	4306	46	43	7	5
707	4752	4740	0	7	5	4695	4688	50	47	7	5
706	5138	5124	0	7	7	5074	5067	56	52	8	5
705	5568	5554	0	7	7	5502	5495	58	54	8	5
704	6022	6008	0	7	7	5954	5947	60	56	8	5
703	6483	6469	0	7	7	6411	6404	62	58	10	7
702	6993	6977	0	9	7	6916	6907	67	63	10	7
701	7508	7492	0	9	7	7424	7415	74	70	10	7
700	8041	8021	0	9	11	7942	7932	86	82	13	7
699	8667	8645	0	9	13	8563	8552	89	85	15	8
698	9253	9227	0	9	17	9142	9130	94	89	17	8
697	9885	9858	0	9	18	9769	9757	98	93	18	8
696	10554	10527	0	9	18	10429	10417	106	101	19	9
695	11216	11188	0	9	19	11086	11073	110	105	20	10
694	11932	11903	0	9	20	11792	11779	118	113	22	11
693	12726	12695	0	9	22	12574	12561	126	120	26	14
692	13559	13525	0	10	24	13400	13385	131	125	28	15
691	14363	14325	0	12	26	14194	14178	138	131	31	16
690	15183	15144	0	12	27	15006	14990	144	137	33	17
689	16034	15995	0	12	27	15851	15835	150	143	33	17
688	16934	16892	0	13	29	16741	16724	157	150	36	18
687	17906	17862	0	14	30	17704	17687	162	154	40	21
686	18825	18778	0	15	32	18612	18594	170	162	43	22
685	19780	19729	0	16	35	19555	19536	180	171	45	22
684	20717	20664	0	16	37	20485	20466	184	175	48	23
683	21692	21637	0	16	39	21453	21433	190	181	49	23
682	22672	22614	1	17	40	22422	22400	200	190	50	24
681	23723	23663	1	18	41	23465	23442	206	196	52	25
680	24795	24732	1	19	43	24532	24507	210	199	53	26
679	25789	25725	1	20	43	25517	25491	217	206	55	28
678	26841	26775	1	21	44	26564	26537	220	209	57	29
677	27856	27790	1	21	44	27573	27546	225	214	58	30
676	28920	28849	1	22	48	28625	28597	233	221	62	31
675	30101	30029	1	23	48	29799	29770	238	226	64	33
674	31148	31073	1	24	50	30832	30802	249	235	67	36
673	32254	32177	1	24	52	31922	31890	263	249	69	38
672	33338	33259	1	26	52	32996	32962	272	258	70	39
671	34502	34420	1	28	53	34153	34117	276	262	73	41
670	35608	35518	2	31	57	35249	35210	285	267	74	41
669	36713	36619	2	33	59	36341	36301	295	275	77	43
668	37855	37759	2	33	61	37469	37429	306	286	80	44
667	38925	38828	2	33	62	38529	38488	315	295	81	45
666	40004	39902	2	35	65	39598	39554	322	302	84	46
665	41045	40938	3	38	66	40630	40582	329	309	86	47
664	42147	42037	3	39	68	41719	41670	339	319	89	48
663	43179	43065	3	41	70	42736	42685	352	331	91	49
662	44227	44109	3	45	70	43772	43717	362	341	93	51
661	45226	45104	3	48	71	44759	44701	374	352	93	51
660	46234	46108	3	51	72	45760	45699	380	358	94	51
659	47204	47072	4	56	72	46721	46654	388	366	95	52
658	48193	48056	5	59	73	47700	47629	397	374	96	53
657	49268	49130	6	59	73	48761	48689	411	388	96	53
656	50265	50122	6	61	76	49742	49668	424	401	99	53
655	51288	51141	6	63	78	50758	50681	428	404	102	56
654	52308	52159	7	64	78	51771	51692	434	410	103	57
653	53269	53116	7	68	78	52722	52639	444	420	103	57
652	54220	54062	7	72	79	53666	53579	449	424	105	59
651	55184	55019	10	73	82	54618	54525	458	433	108	61
650	56146	55976	10	76	84	55571	55474	465	439	110	63
649	57086	56914	10	76	86	56497	56399	477	451	112	64
648	58039	57863	10	77	89	57445	57344	482	455	112	64
647	58952	58771	11	77	93	58349	58244	489	462	114	65
646	59831	59645	12	80	94	59224	59114	492	465	115	66
645	60655	60466	12	82	95	60042	59930	497	470	116	66
644	61549	61356	13	84	96	60933	60817	500	473	116	66
643	62396	62197	13	87	99	61765	61645	513	485	118	67
642	63265	63054	13	92	106	62622	62494	521	492	122	68
641	64100	63882	14	97	107	63446	63311	529	500	125	71
640	64906	64686	14	98	108	64244	64108	536	507	126	71
639	65693	65467	14	102	110	65027	64885	540	511	126	71
638	66460	66230	15	104	111	65784	65638	548	519	128	73
637	67206	66972	16	107	111	66527	66378	550	520	129	74
636	67952	67711	18	110	113	67263	67108	559	529	130	74
635	68737	68490	19	114	114	68037	67878	570	538	130	74
634	69501	69250	21	116	114	68789	68626	581	549	131	75
633	70297	70036	25	121	115	69579	69408	586	553	132	75
632	70981	70712	25	125	119	70251	70075	595	561	135	76
631	71651	71377	25	129	120	70916	70736	599	565	136	76
630	72392	72107	27	136	122	71652	71461	602	568	138	78
629	73059	72760	29	144	126	72311	72107	609	574	139	79
628	73750	73439	31	149	131	72993	72780	615	579	142	80
627	74440	74116	32	160	132	73679	73455	617	580	144	81
626	75119	74783	36	166	134	74351	74117	621	584	147	82
625	75730	75385	36	171	138	74956	74713	626	589	148	83
624	76366	76014	36	176	140	75586	75338	630	593	150	83
623	77013	76650	38	183	142	76224	75967	638	600	151	83
622	77600	77229	38	188	145	76806	76543	642	603	152	83
621	78255	77880	38	190	147	77450	77184	649	610	156	86
620	78841	78456	40	194	151	78028	77756	654	613	159	87
619	79462	79069	43	198	152	78643	78364	658	617	161	88
618	80085	79681	45	206	153	79260	78973	663	620	162	88
617	80654	80241	46	213	154	79822	79527	669	625	163	89
616	81256	80840	48	213	155	80421	80124	671	627	164	89
615	81821	81392	50	221	158	80982	80672	674	630	165	90
614	82394	81951	55	228	160	81548	81227	680	634	166	90
613	82912	82457	57	237	161	82058	81728	686	637	168	92
612	83419	82958	58	242	161	82560	82226	690	639	169	93
611	83934	83463	58	248	165	83066	82726	696	643	172	94
610	84500	84022	59	252	167	83625	83279	702	649	173	94
609	85003	84516	59	257	171	84122	83768	705	652	176	96
608	85546	85051	61	263	171	84658	84297	710	656	178	98
607	86081	85576	62	271	172	85187	84817	715	661	179	98
606	86590	86078	64	276	172	85690	85313	720	666	180	99
605	87131	86608	67	283	173	86227	85839	723	669	181	100
604	87636	87101	69	292	174	86727	86328	727	673	182	100
603	88147	87602	69	299	177	87228	86822	735	680	184	100
602	88676	88112	77	308	179	87746	87323	741	686	189	103
601	89147	88574	80	313	180	88212	87783	744	686	191	105
600	89619	89036	82	320	181	88679	88240	749	691	191	105
599	90109	89514	84	326	185	89161	88712	757	697	191	105
598	90603	89986	90	339	188	89650	89181	762	700	191	105
597	91048	90421	91	346	190	90084	89606	770	707	194	108
596	91518	90866	93	362	197	90543	90047	776	709	199	110
595	91957	91298	96	366	197	90979	90476	779	712	199	110
594	92400	91722	100	375	203	91414	90894	785	717	201	111
593	92853	92163	103	381	206	91861	91331	791	721	201	111
592	93295	92594	104	389	208	92294	91756	799	727	202	111
591	93736	93023	108	394	211	92731	92183	802	729	203	111
590	94150	93418	113	403	216	93138	92574	807	733	205	111
589	94589	93836	119	414	220	93569	92987	811	737	209	112
588	95039	94270	121	427	221	94015	93418	814	740	210	112
587	95480	94693	124	439	224	94445	93833	823	747	212	113
586	95880	95080	125	446	229	94841	94218	827	749	212	113
585	96314	95498	129	453	234	95267	94631	834	753	213	114
584	96755	95921	133	464	237	95703	95050	838	756	214	115
583	97192	96341	134	476	241	96139	95470	839	756	214	115
582	97601	96733	135	490	243	96542	95857	842	759	217	117
581	98019	97128	140	504	247	96952	96245	848	765	219	118
580	98412	97502	145	515	250	97337	96613	856	771	219	118
579	98808	97882	149	524	253	97727	96989	860	774	221	119
578	99223	98285	154	530	254	98141	97391	861	775	221	119
577	99628	98670	156	543	259	98542	97774	864	777	222	119
576	99999	99023	157	555	264	98903	98119	872	784	224	120
575	100400	99404	163	564	269	99296	98497	877	787	227	120
574	100785	99768	169	576	272	99677	98859	880	789	228	120
573	101199	100154	175	593	277	100083	99240	882	790	234	124
572	101611	100545	180	604	282	100486	99625	890	796	235	124
571	102023	100931	189	618	285	100895	100010	892	797	236	124
570	102405	101294	193	628	290	101273	100372	895	798	237	124
569	102776	101648	197	640	291	101641	100723	898	801	237	124
568	103174	102016	201	660	297	102033	101089	903	803	238	124
567	103529	102345	206	677	301	102381	101413	908	808	240	124
566	103902	102693	214	692	303	102752	101759	909	809	241	125
565	104304	103073	220	704	307	103148	102137	913	811	243	125
564	104668	103411	226	716	315	103505	102474	917	812	246	125
563	105017	103738	233	727	319	103848	102799	922	814	247	125
562	105366	104061	239	745	321	104188	103115	928	820	250	126
561	105729	104406	244	756	323	104541	103451	937	828	251	127
560	106079	104740	246	766	327	104885	103781	942	832	252	127
559	106492	105127	255	779	331	105289	104160	951	840	252	127
558	106868	105475	260	799	334	105659	104506	955	842	254	127
557	107222	105807	267	811	337	106007	104834	959	846	256	127
556	107568	106124	270	835	339	106345	105145	964	851	259	128
555	107914	106438	276	857	343	106687	105457	966	852	261	129
554	108261	106756	281	878	346	107029	105774	969	853	263	129
553	108608	107082	287	889	350	107372	106096	973	857	263	129
552	108971	107416	291	909	355	107726	106424	980	863	265	129
551	109310	107727	296	928	359	108061	106733	983	865	266	129
550	109632	108015	307	949	361	108376	107016	989	869	267	130
549	110012	108368	315	965	364	108750	107366	995	872	267	130
548	110388	108708	331	982	367	109123	107704	998	874	267	130
547	110716	109017	336	995	368	109445	108008	1004	879	267	130
546	111072	109349	339	1013	371	109794	108335	1011	884	267	130
545	111425	109666	346	1037	376	110141	108649	1017	887	267	130
544	111788	110001	352	1055	380	110498	108980	1021	891	269	130
543	112142	110324	359	1074	385	110844	109299	1028	894	270	131
542	112496	110649	368	1091	388	111195	109621	1031	897	270	131
541	112850	110974	373	1108	395	111541	109942	1038	900	271	132
540	113237	111319	385	1131	402	111924	110285	1041	902	272	132
539	113582	111644	392	1139	407	112263	110608	1047	904	272	132
538	113953	111975	404	1164	410	112625	110934	1056	909	272	132
537	114240	112236	413	1177	414	112906	111193	1061	911	273	132
536	114569	112530	423	1195	421	113231	111484	1065	914	273	132
535	114934	112857	430	1220	427	113585	111806	1076	919	273	132
534	115256	113144	439	1242	431	113905	112091	1078	921	273	132
533	115611	113462	446	1268	435	114254	112405	1083	925	274	132
532	115937	113756	457	1285	439	114573	112696	1088	928	276	132
531	116247	114031	463	1311	442	114880	112968	1091	931	276	132
530	116621	114355	471	1343	452	115246	113288	1098	935	277	132
529	116964	114663	481	1362	458	115582	113594	1105	937	277	132
528	117284	114946	489	1387	462	115900	113876	1107	938	277	132
527	117609	115223	497	1419	470	116219	114149	1112	942	278	132
526	117995	115559	510	1449	477	116596	114480	1120	947	279	132
525	118350	115876	520	1470	484	116940	114793	1128	950	282	133
524	118672	116152	528	1502	490	117254	115068	1134	950	284	134
523	119020	116452	538	1536	494	117597	115365	1138	953	285	134
522	119363	116744	553	1567	499	117933	115654	1144	956	286	134
521	119708	117040	572	1593	503	118267	115945	1154	961	287	134
520	120060	117345	582	1624	509	118615	116248	1158	963	287	134
519	120411	117646	595	1651	519	118959	116545	1162	967	290	134
518	120742	117923	611	1682	526	119285	116822	1167	967	290	134
517	121077	118207	628	1707	535	119617	117106	1168	967	292	134
516	121424	118505	639	1738	542	119959	117402	1171	969	294	134
515	121784	118819	648	1770	547	120314	117714	1174	971	296	134
514	122107	119096	659	1800	552	120631	117990	1177	972	299	134
513	122429	119355	677	1834	563	120944	118247	1184	974	301	134
512	122765	119642	685	1867	571	121275	118531	1189	977	301	134
511	123114	119948	695	1894	577	121615	118835	1197	979	302	134
510	123419	120204	706	1924	585	121912	119088	1202	982	305	134
509	123752	120475	726	1959	592	122237	119357	1207	984	308	134
508	124106	120768	741	1995	602	122580	119644	1217	990	309	134
507	124425	121034	758	2022	611	122893	119907	1222	993	310	134
506	124753	121309	766	2059	619	123213	120178	1228	997	312	134
505	125057	121567	778	2084	628	123515	120436	1230	997	312	134
504	125405	121847	795	2129	634	123860	120715	1233	998	312	134
503	125754	122128	810	2172	644	124201	120994	1240	1000	313	134
502	126071	122386	820	2214	651	124511	121250	1245	1002	315	134
501	126391	122650	831	2253	657	124823	121508	1251	1007	317	135
500	126733	122936	843	2289	665	125158	121792	1256	1009	319	135
499	127072	123208	859	2331	674	125489	122061	1262	1012	321	135
498	127421	123495	876	2368	682	125831	122346	1265	1014	325	135
497	127753	123762	886	2415	690	126155	122609	1271	1018	327	135
496	128075	124015	906	2452	702	126466	122858	1280	1022	329	135
495	128429	124306	923	2488	712	126811	123146	1284	1025	334	135
494	128766	124575	941	2529	721	127145	123414	1286	1026	335	135
493	129092	124835	953	2574	730	127466	123672	1289	1028	337	135
492	129422	125091	966	2628	737	127788	123927	1293	1029	341	135
491	129732	125343	978	2668	743	128093	124176	1296	1031	343	136
490	130109	125648	998	2711	752	128461	124477	1304	1035	344	136
489	130460	125936	1021	2744	759	128809	124765	1305	1035	346	136
488	130792	126208	1035	2783	766	129134	125035	1310	1037	348	136
487	131135	126491	1051	2818	775	129468	125314	1317	1041	350	136
486	131454	126733	1070	2866	785	129780	125555	1321	1042	353	136
485	131777	126970	1099	2909	799	130091	125789	1331	1045	355	136
484	132129	127255	1117	2951	806	130440	126073	1333	1045	356	137
483	132428	127487	1130	2999	812	130730	126302	1339	1047	359	138
482	132758	127736	1145	3049	828	131047	126549	1346	1049	365	138
481	133108	128005	1162	3108	833	131388	126816	1354	1051	366	138
480	133439	128275	1178	3147	839	131716	127085	1356	1052	367	138
479	133762	128524	1194	3197	847	132033	127333	1359	1053	370	138
478	134108	128793	1212	3248	855	132369	127597	1367	1058	372	138
477	134429	129026	1235	3304	864	132676	127825	1378	1063	375	138
476	134744	129274	1251	3350	869	132982	128069	1386	1067	376	138
475	135082	129539	1274	3393	876	133316	128331	1389	1069	377	139
474	135427	129807	1292	3440	888	133653	128597	1395	1071	379	139
473	135800	130087	1314	3500	899	134020	128874	1401	1074	379	139
472	136135	130348	1329	3550	908	134347	129131	1409	1078	379	139
471	136463	130596	1347	3601	919	134671	129379	1413	1078	379	139
470	136827	130867	1372	3657	931	135025	129646	1422	1082	380	139
469	137196	131130	1398	3719	949	135378	129903	1436	1088	382	139
468	137571	131416	1420	3772	963	135743	130184	1445	1093	383	139
467	137911	131652	1441	3836	982	136076	130420	1449	1093	386	139
466	138257	131910	1465	3896	986	136417	130676	1453	1095	387	139
465	138614	132167	1486	3968	993	136762	130927	1462	1100	390	140
464	138984	132443	1518	4016	1007	137124	131200	1468	1103	392	140
463	139330	132715	1546	4054	1015	137461	131466	1475	1108	394	141
462	139680	132986	1573	4098	1023	137804	131734	1481	1111	395	141
461	140059	133257	1601	4168	1033	138176	132003	1486	1113	397	141
460	140387	133493	1630	4220	1044	138493	132234	1496	1118	398	141
459	140724	133745	1651	4271	1057	138817	132483	1504	1120	403	142
458	141096	134030	1673	4324	1069	139175	132760	1517	1128	404	142
457	141469	134303	1706	4379	1081	139541	133032	1522	1129	406	142
456	141797	134526	1740	4438	1093	139856	133248	1531	1136	410	142
455	142149	134769	1769	4498	1113	140202	133488	1536	1138	411	143
454	142514	135029	1797	4561	1127	140556	133745	1543	1141	415	143
453	142843	135276	1814	4613	1140	140880	133992	1546	1141	417	143
452	143225	135540	1848	4682	1155	141251	134251	1557	1146	417	143
451	143598	135798	1884	4740	1176	141607	134502	1570	1153	421	143
450	143957	136074	1907	4788	1188	141960	134777	1575	1154	422	143
449	144303	136301	1941	4857	1204	142287	134998	1589	1160	427	143
448	144675	136557	1972	4924	1222	142646	135251	1601	1163	428	143
447	145053	136812	2002	5006	1233	143010	135502	1613	1167	430	143
446	145428	137078	2029	5066	1255	143373	135764	1621	1170	434	144
445	145801	137347	2058	5130	1266	143734	136027	1631	1175	436	145
444	146200	137630	2101	5194	1275	144124	136308	1639	1176	437	146
443	146610	137919	2138	5265	1288	144525	136593	1645	1180	440	146
442	146960	138170	2162	5328	1300	144862	136840	1656	1184	442	146
441	147354	138443	2192	5402	1317	145248	137112	1663	1185	443	146
440	147747	138722	2223	5475	1327	145628	137388	1674	1188	445	146
439	148140	138994	2259	5552	1335	146010	137658	1683	1190	447	146
438	148480	139240	2291	5604	1345	146341	137902	1690	1192	449	146
437	148834	139486	2323	5664	1361	146681	138145	1699	1195	454	146
436	149216	139760	2352	5730	1374	147056	138419	1705	1195	455	146
435	149589	140020	2384	5799	1386	147417	138676	1712	1197	460	147
434	149992	140304	2413	5874	1401	147806	138957	1723	1200	463	147
433	150409	140585	2442	5964	1418	148205	139234	1737	1203	467	148
432	150817	140880	2468	6038	1431	148599	139526	1748	1206	470	148
431	151161	141124	2494	6098	1445	148937	139769	1754	1207	470	148
430	151543	141374	2531	6180	1458	149314	140017	1759	1209	470	148
429	151927	141620	2562	6266	1479	149677	140259	1775	1213	475	148
428	152326	141889	2594	6344	1499	150060	140523	1790	1218	476	148
427	152757	142178	2629	6424	1526	150478	140807	1801	1223	478	148
426	153161	142436	2656	6507	1562	150854	141059	1822	1229	485	148
425	153552	142699	2695	6583	1575	151235	141319	1829	1232	488	148
424	153930	142944	2730	6666	1590	151604	141563	1835	1233	491	148
423	154288	143173	2764	6744	1607	151949	141790	1844	1235	495	148
422	154661	143416	2802	6821	1622	152308	142028	1858	1240	495	148
421	155059	143679	2836	6902	1642	152694	142289	1868	1242	497	148
420	155445	143939	2877	6978	1651	153074	142547	1871	1243	500	149
419	155840	144226	2900	7042	1672	153456	142830	1881	1247	503	149
418	156245	144510	2929	7119	1687	153850	143112	1889	1248	506	150
417	156645	144779	2955	7206	1705	154239	143379	1896	1249	510	151
416	157096	145076	2992	7306	1722	154678	143671	1907	1254	511	151
415	157504	145336	3032	7397	1739	155066	143928	1921	1257	517	151
414	157942	145609	3085	7489	1759	155491	144201	1929	1257	522	151
413	158345	145876	3123	7568	1778	155881	144464	1936	1260	528	152
412	158719	146114	3171	7641	1793	156246	144700	1945	1262	528	152
411	159137	146385	3206	7731	1815	156644	144963	1963	1270	530	152
410	159586	146674	3257	7809	1846	157077	145250	1975	1272	534	152
409	159975	146926	3292	7893	1864	157455	145497	1983	1277	537	152
408	160452	147234	3340	8001	1877	157921	145800	1993	1282	538	152
407	160859	147495	3378	8084	1902	158316	146060	2000	1283	543	152
406	161276	147747	3420	8195	1914	158720	146307	2011	1288	545	152
405	161710	148023	3461	8290	1936	159133	146577	2029	1294	548	152
404	162141	148290	3500	8394	1957	159548	146839	2039	1298	554	153
403	162570	148558	3533	8499	1980	159961	147102	2052	1302	557	154
402	163002	148817	3573	8603	2009	160372	147358	2067	1305	563	154
401	163440	149087	3617	8704	2032	160800	147623	2076	1310	564	154
400	163870	149365	3650	8799	2056	161211	147896	2091	1315	568	154
399	164266	149602	3689	8909	2066	161596	148129	2099	1319	571	154
398	164729	149890	3737	9014	2088	162042	148413	2111	1323	576	154
397	165154	150158	3785	9102	2109	162452	148675	2121	1329	581	154
396	165580	150431	3831	9192	2126	162863	148945	2130	1332	587	154
395	166023	150723	3872	9286	2142	163294	149230	2142	1339	587	154
394	166439	150974	3905	9389	2171	163694	149479	2153	1341	592	154
393	166885	151247	3957	9486	2195	164124	149751	2164	1342	597	154
392	167330	151526	4016	9572	2216	164558	150025	2173	1346	599	155
391	167768	151770	4077	9680	2241	164985	150267	2181	1348	602	155
390	168215	152047	4117	9789	2262	165419	150542	2192	1350	604	155
389	168656	152316	4152	9903	2285	165846	150809	2204	1352	606	155
388	169107	152581	4194	10029	2303	166284	151071	2214	1355	609	155
387	169554	152847	4243	10143	2321	166709	151331	2234	1360	611	156
386	170000	153116	4282	10248	2354	167134	151599	2248	1361	618	156
385	170483	153411	4339	10359	2374	167602	151894	2261	1361	620	156
384	170967	153707	4382	10477	2401	168066	152187	2276	1364	625	156
383	171482	154012	4423	10623	2424	168562	152487	2290	1369	630	156
382	171974	154296	4482	10750	2446	169036	152765	2307	1375	631	156
381	172460	154587	4515	10888	2470	169499	153048	2324	1382	637	157
380	172962	154911	4566	10995	2490	169974	153367	2346	1387	642	157
379	173410	155176	4603	11117	2514	170407	153630	2358	1389	645	157
378	173909	155463	4662	11235	2549	170882	153910	2375	1394	652	159
377	174382	155752	4711	11345	2574	171340	154195	2385	1398	657	159
376	174884	156047	4768	11471	2598	171823	154484	2399	1403	662	160
375	175358	156308	4823	11599	2628	172276	154744	2413	1404	669	160
374	175819	156593	4874	11707	2645	172720	155028	2429	1405	670	160
373	176304	156889	4932	11819	2664	173188	155321	2444	1408	672	160
372	176783	157166	4991	11934	2692	173650	155593	2455	1412	678	161
371	177258	157433	5060	12041	2724	174106	155857	2470	1414	682	162
370	177767	157740	5100	12174	2753	174593	156159	2486	1419	688	162
369	178267	158021	5153	12314	2779	175073	156437	2501	1422	693	162
368	178760	158293	5219	12442	2806	175550	156704	2511	1427	699	162
367	179237	158545	5281	12576	2835	176008	156953	2527	1430	702	162
366	179706	158818	5340	12679	2869	176458	157221	2542	1434	706	163
365	180232	159127	5398	12803	2904	176968	157527	2551	1437	713	163
364	180762	159433	5467	12934	2928	177484	157829	2563	1441	715	163
363	181246	159716	5525	13050	2955	177953	158109	2576	1444	717	163
362	181752	160007	5578	13190	2977	178438	158392	2592	1452	722	163
361	182282	160304	5631	13333	3014	178940	158687	2614	1454	728	163
360	182760	160554	5691	13468	3047	179399	158936	2625	1454	736	164
359	183284	160847	5747	13611	3079	179901	159225	2637	1458	746	164
358	183825	161142	5816	13762	3105	180430	159516	2647	1462	748	164
357	184350	161443	5882	13890	3135	180937	159815	2658	1464	755	164
356	184884	161737	5954	14027	3166	181453	160104	2673	1469	758	164
355	185449	162043	6015	14194	3197	182001	160407	2685	1472	763	164
354	185996	162345	6078	14331	3242	182524	160708	2702	1473	770	164
353	186497	162612	6135	14475	3275	183005	160969	2720	1479	772	164
352	187040	162917	6186	14632	3305	183525	161267	2738	1485	777	165
351	187552	163209	6231	14768	3344	184015	161554	2755	1490	782	165
350	188076	163487	6289	14914	3386	184512	161826	2774	1495	790	166
349	188623	163769	6360	15071	3423	185037	162108	2789	1495	797	166
348	189182	164042	6434	15239	3467	185569	162378	2808	1498	805	166
347	189718	164332	6496	15379	3511	186074	162664	2829	1502	815	166
346	190294	164620	6588	15533	3553	186622	162948	2847	1506	825	166
345	190858	164930	6656	15670	3602	187157	163253	2866	1510	835	167
344	191408	165222	6719	15826	3641	187689	163542	2877	1513	842	167
343	191923	165494	6782	15971	3676	188186	163809	2889	1518	848	167
342	192480	165785	6845	16137	3713	188721	164099	2902	1519	857	167
341	193032	166100	6900	16281	3751	189259	164410	2909	1523	864	167
340	193573	166397	6966	16422	3788	189785	164704	2918	1526	870	167
339	194143	166725	7029	16571	3818	190337	165029	2931	1529	875	167
338	194720	167041	7087	16736	3856	190889	165342	2948	1532	883	167
337	195307	167345	7151	16907	3904	191454	165641	2962	1537	891	167
336	195905	167643	7244	17075	3943	192028	165937	2977	1539	900	167
335	196493	167935	7325	17247	3986	192588	166223	3001	1545	904	167
334	197065	168220	7398	17419	4028	193134	166505	3019	1548	912	167
333	197631	168536	7443	17571	4081	193671	166813	3044	1556	916	167
332	198207	168829	7516	17747	4115	194223	167100	3058	1561	926	168
331	198800	169105	7591	17937	4167	194783	167372	3082	1565	935	168
330	199393	169376	7676	18130	4211	195348	167636	3101	1572	944	168
329	199995	169659	7767	18311	4258	195922	167918	3121	1573	952	168
328	200583	169967	7830	18489	4297	196486	168224	3138	1575	959	168
327	201126	170247	7900	18646	4333	197007	168498	3156	1581	963	168
326	201719	170550	7955	18841	4373	197570	168795	3179	1587	970	168
325	202313	170859	8022	19010	4422	198130	169101	3203	1589	980	169
324	202913	171161	8105	19175	4472	198700	169401	3220	1591	993	169
323	203512	171451	8182	19358	4521	199271	169688	3239	1594	1002	169
322	204121	171767	8269	19528	4557	199856	170001	3259	1597	1006	169
321	204730	172067	8339	19718	4606	200438	170297	3275	1601	1017	169
320	205352	172385	8402	19906	4659	201026	170611	3297	1605	1029	169
319	206017	172710	8486	20106	4715	201662	170935	3317	1606	1038	169
318	206619	173020	8563	20286	4750	202235	171242	3335	1609	1049	169
317	207200	173279	8637	20487	4797	202790	171495	3353	1615	1057	169
316	207818	173602	8708	20669	4839	203380	171812	3378	1620	1060	170
315	208446	173922	8791	20849	4884	203982	172124	3399	1628	1065	170
314	209038	174179	8884	21036	4939	204533	172376	3425	1633	1080	170
313	209700	174486	8988	21234	4992	205158	172676	3455	1640	1087	170
312	210353	174794	9066	21436	5057	205777	172982	3479	1642	1097	170
311	210953	175063	9146	21640	5104	206356	173250	3494	1643	1103	170
310	211523	175329	9213	21836	5145	206901	173513	3509	1646	1113	170
309	212183	175624	9297	22063	5199	207521	173807	3533	1647	1129	170
308	212818	175921	9382	22274	5241	208131	174104	3548	1647	1139	170
307	213462	176206	9466	22483	5307	208748	174385	3566	1651	1148	170
306	214073	176469	9560	22687	5357	209330	174646	3584	1653	1159	170
305	214708	176761	9644	22900	5403	209936	174933	3604	1657	1168	171
304	215339	177039	9728	23112	5460	210533	175208	3630	1660	1176	171
303	216014	177355	9806	23341	5512	211169	175515	3658	1669	1187	171
302	216686	177653	9895	23562	5576	211808	175810	3679	1672	1199	171
301	217371	177961	9980	23791	5639	212440	176110	3712	1678	1219	173
300	218045	178252	10064	24020	5709	213069	176392	3746	1686	1230	174
299	218696	178554	10142	24245	5755	213692	176692	3766	1688	1238	174
298	219382	178857	10237	24476	5812	214344	176989	3790	1694	1248	174
297	220086	179164	10325	24725	5872	215002	177294	3824	1696	1260	174
296	220818	179488	10427	24967	5936	215699	177613	3849	1701	1270	174
295	221534	179805	10530	25183	6016	216369	177926	3880	1705	1285	174
294	222244	180115	10630	25416	6083	217035	178233	3915	1708	1294	174
293	222886	180407	10732	25606	6141	217642	178519	3935	1712	1309	176
292	223621	180738	10816	25855	6212	218330	178843	3962	1718	1329	177
291	224350	181043	10928	26102	6277	219021	179144	3991	1722	1338	177
290	224984	181353	11012	26294	6325	219634	179450	4005	1726	1345	177
289	225741	181685	11110	26553	6393	220357	179777	4030	1731	1354	177
288	226465	181999	11199	26802	6465	221046	180087	4054	1735	1365	177
287	227197	182304	11288	27055	6550	221726	180387	4092	1740	1379	177
286	227925	182622	11395	27283	6625	222407	180701	4125	1744	1393	177
285	228634	182923	11488	27528	6695	223086	180999	4146	1747	1402	177
284	229325	183208	11594	27747	6776	223738	181282	4173	1749	1414	177
283	230072	183548	11694	27971	6859	224444	181618	4200	1752	1428	178
282	230753	183845	11783	28201	6924	225093	181912	4221	1755	1439	178
281	231548	184183	11904	28472	6989	225854	182247	4247	1758	1447	178
280	232294	184509	12010	28716	7059	226569	182567	4270	1764	1455	178
279	233028	184827	12107	28968	7126	227257	182881	4299	1767	1472	179
278	233818	185135	12234	29234	7215	227998	183187	4328	1769	1492	179
277	234554	185455	12336	29478	7285	228680	183505	4358	1771	1516	179
276	235309	185771	12447	29732	7359	229389	183814	4388	1778	1532	179
275	236137	186105	12550	30037	7445	230175	184144	4418	1782	1544	179
274	236960	186433	12692	30309	7526	230958	184468	4441	1786	1561	179
273	237763	186746	12796	30623	7598	231717	184774	4471	1793	1575	179
272	238489	187051	12887	30866	7685	232409	185075	4489	1797	1591	179
271	239336	187358	13006	31176	7796	233203	185379	4523	1799	1610	180
270	240078	187644	13122	31422	7890	233899	185661	4553	1803	1626	180
269	240799	187934	13225	31662	7978	234571	185947	4586	1807	1642	180
268	241612	188279	13333	31933	8067	235338	186286	4620	1813	1654	180
267	242448	188605	13456	32241	8146	236132	186610	4650	1815	1666	180
266	243253	188936	13579	32524	8214	236898	186935	4678	1821	1677	180
265	244078	189268	13691	32821	8298	237669	187263	4719	1823	1690	182
264	244935	189606	13799	33119	8411	238456	187596	4760	1827	1719	183
263	245787	189953	13919	33406	8509	239265	187942	4793	1828	1729	183
262	246542	190244	14024	33675	8599	239976	188230	4825	1831	1741	183
261	247424	190576	14146	33987	8715	240803	188558	4867	1835	1754	183
260	248265	190916	14265	34265	8819	241597	188894	4888	1838	1780	184
259	249105	191224	14396	34572	8913	242382	189196	4925	1844	1798	184
258	249921	191547	14510	34865	8999	243154	189509	4953	1854	1814	184
257	250724	191813	14626	35166	9119	243902	189771	4986	1858	1836	184
256	251594	192129	14763	35470	9232	244707	190080	5023	1865	1864	184
255	252473	192464	14868	35817	9324	245537	190411	5052	1869	1884	184
254	253330	192799	14984	36141	9406	246352	190743	5080	1872	1898	184
253	254185	193127	15090	36468	9500	247162	191065	5113	1878	1910	184
252	255046	193448	15230	36780	9588	247976	191382	5146	1882	1924	184
251	255882	193734	15351	37095	9702	248753	191665	5180	1885	1949	184
250	256812	194053	15496	37463	9800	249625	191980	5221	1888	1966	185
249	257722	194398	15615	37798	9911	250470	192321	5256	1891	1996	186
248	258610	194712	15740	38133	10025	251300	192632	5293	1894	2017	186
247	259515	195035	15868	38482	10130	252149	192951	5330	1898	2036	186
246	260453	195372	16001	38832	10248	253031	193285	5365	1901	2057	186
245	261343	195686	16137	39147	10373	253849	193594	5408	1906	2086	186
244	262291	196048	16254	39496	10493	254732	193952	5449	1909	2110	187
243	263225	196389	16396	39851	10589	255610	194289	5483	1911	2132	189
242	264165	196716	16535	40209	10705	256482	194613	5523	1914	2160	189
241	265156	197073	16672	40592	10819	257411	194968	5564	1916	2181	189
240	266069	197397	16806	40937	10929	258267	195284	5600	1924	2202	189
239	267056	197741	16933	41329	11053	259182	195621	5648	1930	2226	190
238	267994	198064	17075	41680	11175	260045	195936	5689	1938	2260	190
237	268940	198396	17211	42041	11292	260926	196266	5730	1940	2284	190
236	269962	198759	17362	42418	11423	261867	196622	5781	1946	2314	191
235	270969	199107	17528	42767	11567	262800	196965	5836	1951	2333	191
234	272013	199452	17706	43144	11711	263773	197306	5883	1955	2357	191
233	273046	199794	17892	43506	11854	264731	197646	5923	1957	2392	191
232	274049	200133	18017	43910	11989	265658	197983	5958	1958	2433	192
231	275067	200486	18171	44270	12140	266578	198325	6017	1969	2472	192
230	276054	200799	18320	44651	12284	267488	198636	6071	1971	2495	192
229	277048	201155	18451	45012	12430	268394	198987	6124	1976	2530	192
228	278065	201516	18606	45372	12571	269331	199340	6176	1982	2558	194
227	279106	201851	18764	45768	12723	270288	199673	6224	1984	2594	194
226	280189	202221	18929	46173	12866	271292	200035	6275	1992	2622	194
225	281227	202518	19086	46594	13029	272255	200328	6315	1996	2657	194
224	282311	202866	19259	47001	13185	273256	200668	6366	2004	2689	194
223	283341	203165	19436	47390	13350	274202	200961	6423	2010	2716	194
222	284442	203506	19581	47832	13523	275211	201298	6480	2014	2751	194
221	285588	203849	19740	48311	13688	276263	201635	6540	2019	2785	195
220	286732	204185	19922	48767	13858	277317	201965	6601	2025	2814	195
219	287899	204545	20069	49251	14034	278386	202317	6667	2033	2846	195
218	288967	204868	20234	49688	14177	279376	202635	6720	2038	2871	195
217	290128	205224	20402	50143	14359	280442	202987	6779	2042	2907	195
216	291215	205533	20561	50599	14522	281445	203290	6831	2048	2939	195
215	292352	205889	20746	51033	14684	282496	203641	6883	2053	2973	195
214	293471	206235	20918	51468	14850	283524	203982	6938	2057	3009	196
213	294645	206574	21098	51967	15006	284622	204315	6984	2062	3039	197
212	295761	206904	21252	52413	15192	285647	204642	7038	2065	3076	197
211	296907	207270	21403	52874	15360	286707	205005	7098	2068	3102	197
210	298121	207629	21575	53375	15542	287842	205362	7143	2070	3136	197
209	299334	207951	21737	53907	15739	288951	205678	7209	2075	3174	198
208	300520	208292	21890	54396	15942	290032	206016	7272	2077	3216	199
207	301723	208650	22072	54862	16139	291135	206369	7327	2081	3261	200
206	302973	209000	22251	55371	16351	292267	206712	7397	2088	3309	200
205	304213	209339	22451	55884	16539	293408	207047	7458	2092	3347	200
204	305498	209698	22646	56397	16757	294580	207398	7532	2100	3386	200
203	306754	210055	22852	56896	16951	295722	207746	7609	2109	3423	200
202	308031	210414	23049	57392	17176	296887	208097	7664	2116	3480	201
201	309321	210783	23231	57934	17373	298080	208459	7726	2123	3515	201
200	310536	211114	23417	58407	17598	299184	208786	7784	2127	3568	201
199	311807	211443	23620	58947	17797	300359	209112	7840	2129	3608	202
198	313070	211793	23811	59426	18040	301494	209453	7908	2138	3668	202
197	314372	212132	23986	60005	18249	302706	209789	7962	2141	3704	202
196	315730	212543	24168	60518	18501	303941	210191	8035	2150	3754	202
195	317051	212880	24353	61092	18726	305132	210524	8101	2154	3818	202
194	318413	213189	24571	61690	18963	306367	210830	8176	2157	3870	202
193	319728	213536	24750	62223	19219	307559	211175	8245	2159	3924	202
192	321158	213909	24953	62829	19467	308863	211539	8319	2168	3976	202
191	322567	214260	25155	63422	19730	310123	211884	8400	2173	4044	203
190	323971	214648	25349	63998	19976	311397	212265	8467	2178	4107	205
189	325344	215010	25559	64547	20228	312636	212623	8554	2182	4154	205
188	326680	215358	25767	65084	20471	313847	212966	8630	2187	4203	205
187	328072	215690	25974	65655	20753	315085	213290	8722	2195	4265	205
186	329546	216053	26201	66267	21025	316413	213647	8805	2200	4328	206
185	331008	216394	26410	66884	21320	317717	213976	8914	2212	4377	206
184	332513	216767	26635	67518	21593	319085	214343	8980	2218	4448	206
183	333987	217125	26860	68127	21875	320425	214697	9058	2222	4504	206
182	335508	217509	27070	68749	22180	321784	215072	9154	2230	4570	207
181	337076	217890	27296	69410	22480	323192	215448	9242	2235	4642	207
180	338629	218248	27521	70090	22770	324590	215798	9324	2243	4715	207
179	340134	218597	27737	70745	23055	325941	216141	9415	2248	4778	208
178	341732	218965	27983	71414	23370	327382	216506	9498	2251	4852	208
177	343318	219355	28224	72060	23679	328817	216891	9591	2256	4910	208
176	344885	219695	28464	72753	23973	330243	217227	9671	2260	4971	208
175	346470	220053	28691	73452	24274	331653	217583	9771	2262	5046	208
174	348066	220410	28924	74129	24603	333076	217935	9869	2267	5121	208
173	349719	220792	29187	74785	24955	334558	218313	9953	2271	5208	208
172	351307	221151	29420	75472	25264	336007	218672	10032	2271	5268	208
171	352967	221546	29662	76172	25587	337493	219063	10120	2275	5354	208
170	354578	221908	29894	76871	25905	338949	219421	10205	2279	5424	208
169	356341	222301	30166	77618	26256	340537	219806	10300	2287	5504	208
168	358043	222672	30429	78351	26591	342065	220173	10411	2291	5567	208
167	359768	223055	30689	79075	26949	343612	220551	10508	2296	5648	208
166	361484	223445	30944	79810	27285	345162	220933	10603	2302	5719	210
165	363260	223832	31185	80580	27663	346760	221316	10695	2306	5805	210
164	364991	224216	31431	81333	28011	348309	221696	10795	2309	5887	211
163	366789	224613	31712	82058	28406	349916	222085	10914	2317	5959	211
162	368603	224990	31996	82808	28809	351526	222457	11018	2322	6059	211
161	370384	225359	32246	83591	29188	353122	222821	11122	2327	6140	211
160	372267	225759	32520	84377	29611	354785	223211	11246	2337	6236	211
159	374185	226135	32800	85204	30046	356494	223587	11360	2337	6331	211
158	376052	226523	33073	86003	30453	358149	223970	11475	2342	6428	211
157	377975	226910	33340	86820	30905	359842	224354	11613	2345	6520	211
156	379869	227294	33604	87643	31328	361522	224727	11743	2356	6604	211
155	381748	227674	33866	88451	31757	363186	225103	11875	2360	6687	211
154	383691	228052	34137	89289	32213	364916	225476	11988	2364	6787	212
153	385703	228459	34429	90166	32649	366713	225876	12100	2371	6890	212
152	387681	228812	34733	91041	33095	368484	226224	12228	2376	6969	212
151	389703	229210	35000	91906	33587	370246	226614	12372	2383	7085	213
150	391821	229627	35284	92833	34077	372119	227023	12505	2390	7197	214
149	393930	230019	35570	93728	34613	373957	227411	12633	2394	7340	214
148	395987	230381	35861	94640	35105	375770	227768	12776	2399	7441	214
147	398046	230751	36177	95539	35579	377597	228132	12912	2405	7537	214
146	400191	231183	36496	96422	36090	379482	228553	13069	2416	7640	214
145	402402	231588	36802	97382	36630	381420	228955	13212	2419	7770	214
144	404616	231971	37109	98360	37176	383359	229333	13364	2424	7893	214
143	406780	232360	37405	99305	37710	385234	229717	13514	2428	8032	215
142	408937	232762	37726	100233	38216	387136	230110	13658	2437	8143	215
141	411123	233129	38070	101176	38748	389073	230473	13798	2441	8252	215
140	413456	233529	38398	102231	39298	391115	230868	13953	2446	8388	215
139	415847	233926	38752	103301	39868	393210	231265	14115	2446	8522	215
138	418254	234349	39119	104334	40452	395335	231677	14265	2456	8654	216
137	420589	234741	39467	105354	41027	397373	232064	14422	2461	8794	216
136	422892	235137	39808	106357	41590	399381	232452	14586	2469	8925	216
135	425340	235509	40167	107474	42190	401527	232818	14765	2475	9048	216
134	427800	235890	40503	108616	42791	403690	233197	14926	2477	9184	216
133	430288	236272	40866	109765	43385	405876	233575	15083	2481	9329	216
132	432764	236677	41273	110824	43990	408060	233971	15240	2490	9464	216
131	435301	237078	41660	111927	44636	410292	234368	15406	2494	9603	216
130	437927	237521	42031	113071	45304	412569	234803	15619	2502	9739	216
129	440526	237884	42399	114229	46014	414800	235164	15816	2504	9910	216
128	443121	238270	42781	115371	46699	417031	235542	16026	2512	10064	216
127	445855	238679	43158	116581	47437	419395	235943	16238	2520	10222	216
126	448580	239110	43563	117754	48153	421739	236363	16456	2530	10385	217
125	451309	239538	43937	118969	48865	424096	236784	16668	2537	10545	217
124	454061	239950	44332	120207	49572	426504	237190	16852	2543	10705	217
123	456810	240311	44699	121424	50376	428875	237548	17049	2546	10886	217
122	459706	240733	45105	122683	51185	431388	237965	17269	2551	11049	217
121	462606	241149	45525	123987	51945	433916	238378	17484	2554	11206	217
120	465568	241551	45938	125330	52749	436476	238772	17702	2562	11390	217
119	468622	241944	46338	126684	53656	439078	239159	17941	2568	11603	217
118	471590	242363	46745	128016	54466	441628	239568	18170	2577	11792	218
117	474638	242753	47169	129367	55349	444259	239955	18398	2580	11981	218
116	477731	243170	47587	130772	56202	446929	240365	18644	2587	12158	218
115	480945	243585	48050	132185	57125	449726	240776	18862	2591	12357	218
114	484055	243969	48468	133581	58037	452361	241152	19126	2599	12568	218
113	487351	244375	48929	135067	58980	455201	241553	19370	2604	12780	218
112	490656	244805	49380	136542	59929	458020	241977	19622	2610	13014	218
111	494088	245210	49884	138046	60948	460915	242376	19919	2615	13254	219
110	497531	245643	50363	139550	61975	463851	242804	20218	2620	13462	219
109	501046	246069	50805	141150	63022	466835	243222	20502	2628	13709	219
108	504627	246512	51265	142788	64062	469871	243657	20786	2636	13970	219
107	508244	246987	51778	144364	65115	472945	244123	21082	2645	14217	219
106	511958	247416	52298	146033	66211	476123	244539	21396	2657	14439	220
105	515650	247883	52784	147655	67328	479233	245002	21719	2661	14698	220
104	519496	248306	53298	149361	68531	482446	245416	22053	2670	14997	220
103	523330	248758	53817	151037	69718	485689	245860	22371	2678	15270	220
102	527088	249175	54280	152774	70859	488871	246266	22678	2689	15539	220
101	530960	249607	54792	154549	72012	492131	246690	23009	2696	15820	221
100	535054	250039	55313	156374	73328	495587	247118	23346	2700	16121	221
99	539161	250456	55870	158206	74629	499036	247529	23715	2706	16410	221
98	543386	250899	56408	160166	75913	502612	247962	24066	2716	16708	221
97	547576	251362	56960	162000	77254	506114	248418	24457	2723	17005	221
96	551905	251832	57501	163912	78660	509728	248882	24865	2729	17312	221
95	556348	252240	58123	165828	80157	513383	249283	25305	2736	17660	221
94	560944	252712	58684	167882	81666	517239	249748	25722	2743	17983	221
93	565547	253126	59280	169939	83202	521068	250155	26150	2750	18329	221
92	570077	253580	59879	171961	84657	524830	250601	26585	2758	18662	221
91	574738	254027	60449	174056	86206	528706	251044	27039	2762	18993	221
90	579681	254465	61058	176208	87950	532785	251474	27535	2770	19361	221
89	584683	254934	61674	178412	89663	536946	251938	28012	2775	19725	221
88	589745	255400	62328	180639	91378	541166	252395	28485	2784	20094	221
87	594891	255887	62970	182925	93109	545445	252875	28988	2791	20458	221
86	600147	256352	63588	185284	94923	549794	253334	29517	2797	20836	221
85	605545	256825	64286	187642	96792	554290	253798	30013	2806	21242	221
84	610964	257272	64957	190046	98689	558750	254233	30533	2818	21681	221
83	616590	257741	65653	192468	100728	563337	254693	31144	2827	22109	221
82	622337	258236	66330	195017	102754	568078	255180	31697	2834	22562	222
81	628148	258719	67063	197586	104780	572833	255652	32294	2845	23021	222
80	634107	259227	67840	200150	106890	577737	256150	32874	2854	23496	223
79	640105	259695	68569	202812	109029	582667	256602	33489	2869	23949	224
78	646194	260169	69343	205468	111214	587680	257070	34092	2875	24422	224
77	652587	260639	70098	208232	113618	592910	257534	34744	2881	24933	224
76	659054	261127	70871	211095	115961	598205	258012	35397	2891	25452	224
75	665709	261619	71707	214010	118373	603613	258491	36133	2904	25963	224
74	672466	262073	72533	216983	120877	609098	258936	36831	2913	26537	224
73	679371	262573	73326	220037	123435	614690	259429	37554	2920	27127	224
72	686463	263059	74156	223112	126136	620432	259912	38300	2923	27731	224
71	693810	263568	74979	226275	128988	626393	260412	39071	2932	28346	224
70	701373	264092	75903	229504	131874	632552	260928	39890	2939	28931	225
69	709054	264541	76808	232894	134811	638760	261371	40718	2945	29576	225
68	716877	265076	77695	236289	137817	645139	261898	41513	2952	30225	226
67	724990	265577	78626	239761	141026	651666	262393	42423	2958	30901	226
66	733237	266117	79537	243246	144337	658280	262926	43384	2965	31573	226
65	741705	266629	80510	246861	147705	665054	263426	44335	2977	32316	226
64	750472	267144	81495	250634	151199	672143	263930	45276	2988	33053	226
63	759361	267675	82504	254388	154794	679176	264452	46338	2997	33847	226
62	768419	268222	83580	258226	158391	686458	264993	47380	3003	34581	226
61	777954	268728	84634	262197	162395	694071	265494	48488	3008	35395	226
60	787466	269311	85728	266116	166311	701606	266069	49625	3016	36235	226
59	797447	269854	86860	270301	170432	709475	266601	50848	3027	37124	226
58	807833	270386	88039	274722	174686	717759	267125	52051	3034	38023	227
57	818261	270933	89176	279122	179030	726036	267663	53262	3043	38963	227
56	829086	271460	90354	283676	183596	734612	268177	54512	3055	39962	228
55	840420	272007	91601	288327	188485	743483	268712	55911	3067	41026	228
54	851962	272557	92850	293130	193425	752550	269250	57366	3079	42046	228
53	863953	273129	94150	298083	198591	761928	269812	58871	3089	43154	228
52	876315	273711	95398	303224	203982	771602	270387	60367	3096	44346	228
51	889081	274265	96728	308578	209510	781641	270927	61881	3110	45559	228
50	902210	274847	98056	313956	215351	791891	271493	63522	3125	46797	229
49	915915	275379	99473	319476	221587	802467	272014	65302	3134	48146	231
48	930232	275964	100910	325346	228012	813524	272586	67191	3147	49517	231
47	945132	276516	102397	331446	234773	824954	273128	69196	3157	50982	231
46	960580	277093	103930	337660	241897	836824	273695	71253	3166	52503	232
45	976473	277658	105524	344082	249209	848998	274250	73452	3176	54023	232
44	993191	278258	107139	350706	257088	861856	274840	75738	3186	55597	232
43	1010417	278853	108900	357465	265199	875036	275418	78057	3202	57324	233
42	1028393	279489	110645	364518	273741	888714	276043	80588	3213	59091	233
41	1047069	280086	112396	371958	282629	902914	276630	83163	3223	60992	233
40	1066428	280747	114195	379467	292019	917438	277281	85975	3233	63015	233
39	1086877	281360	116216	387448	301853	932831	277884	88888	3243	65158	233
38	1108139	282001	118176	395603	312359	948658	278511	92053	3257	67428	233
37	1130705	282644	120222	404264	323575	965464	279142	95490	3269	69751	233
36	1154033	283313	122222	413091	335407	982713	279799	99098	3281	72222	233
35	1178456	283941	124438	422234	347843	1000912	280416	102714	3292	74830	233
34	1204198	284641	126660	431760	361137	1019917	281097	106753	3310	77528	234
33	1231350	285344	128957	441876	375173	1039882	281787	111069	3323	80399	234
32	1259786	286026	131386	452458	389916	1060704	282455	115643	3337	83439	234
31	1290270	286772	133903	463676	405919	1082746	283181	120688	3357	86836	234
30	1322584	287507	136523	475527	423027	1106140	283900	126033	3372	90411	235
29	1356607	288232	139289	487979	441107	1130683	284608	131740	3388	94184	236
28	1392782	288997	142118	501026	460641	1156665	285357	137772	3403	98345	237
27	1431283	289726	145079	514730	481748	1184288	286071	144379	3417	102616	238
26	1472232	290489	148213	529017	504513	1213280	286813	151653	3437	107299	239
25	1516607	291252	151461	544429	529465	1244753	287562	159363	3451	112491	239
24	1563992	292059	154907	560535	556491	1278007	288349	167924	3471	118061	239
23	1614502	292831	158629	577685	585357	1313382	289096	177182	3495	123938	240
22	1669394	293579	162438	596032	617345	1351397	289829	187382	3510	130615	240
21	1729154	294360	166521	615789	652484	1392424	290583	198823	3535	137907	242
20	1794107	295234	170950	636836	691087	1436759	291432	211610	3559	145738	243
19	1864782	296125	175542	659499	733616	1484687	292299	225607	3582	154488	244
18	1942348	296958	180426	683911	781053	1536813	293110	241224	3604	164311	244
17	2027794	297813	185681	710391	833909	1593783	293941	259042	3628	174969	244
16	2123261	298757	191174	739481	893849	1656810	294859	279368	3654	187083	244
15	2229237	299737	197386	770825	961289	1726229	295814	302290	3677	200718	246
14	2348823	300748	203848	805622	1038605	1803455	296799	328926	3702	216442	247
13	2487074	301836	211246	845006	1128986	1891890	297859	360547	3730	234637	247
12	2645757	302912	219238	888678	1234929	1991701	298898	398132	3766	255924	248
11	2830662	304048	228387	937917	1360310	2106492	299992	443013	3807	281157	249
10	3049385	305345	238492	994509	1511039	2239879	301248	498080	3848	311426	249
9	3313969	306783	250009	1060198	1696979	2398768	302657	566803	3877	348398	249
8	3641222	308357	263408	1137911	1931546	2591327	304177	654809	3929	395086	251
7	4060500	310118	279063	1231950	2239369	2831827	305879	772319	3986	456354	253
6	4617749	311975	298131	1349034	2658609	3142364	307680	936638	4040	538747	255
5	5403481	314102	322360	1501992	3265027	3566515	309718	1178357	4128	658609	256
4	6604138	316352	354025	1713461	4220300	4189206	311881	1567537	4212	847395	259
3	8728021	318887	399956	2038303	5970875	5237165	314288	2295064	4338	1195792	261
2	13787093	321891	478395	2643516	10343291	7520129	317123	4145457	4499	2121507	269
1	42882032	325749	685639	4610589	37260055	18856578	320703	15514756	4763	8510698	283
