2	SRP059950	SRS973948	SRX1075712	SRR2081134
109	SRP060715	SRS988149	SRX1092545	SRR2097512
169	SRP060715	SRS988140	SRX1092554	SRR2097521
303	SRP051472	SRS801150	SRX821404	SRR1732023
308	DRP002586	DRS019265	DRX022658	DRR024997
316	DRP002586	DRS019265	DRX022505	DRR024844
326	DRP002435	DRS016933	DRX019713	DRR028582
334	DRP002435	DRS016933	DRX019711	DRR028192
338	DRP002435	DRS016933	DRX019714	DRR028384
344	DRP002435	DRS016933	DRX019713	DRR028573
350	DRP002435	DRS016933	DRX019715	DRR028488
365	DRP002435	DRS016933	DRX019715	DRR028507
479	DRP002435	DRS016933	DRX019714	DRR028416
495	DRP002435	DRS016933	DRX019715	DRR028480
497	DRP002435	DRS016933	DRX019715	DRR028509
572	SRP051249	SRS795848	SRX815502	SRR1721290
794	DRP002586	DRS019265	DRX022576	DRR024915
814	SRP051472	SRS801161	SRX821415	SRR1732034
826	SRP061033	SRS989929	SRX1094534	SRR2099844
843	DRP002435	DRS016933	DRX019713	DRR028518
846	DRP002586	DRS019265	DRX022565	DRR024904
847	DRP002435	DRS016933	DRX019715	DRR028467
886	DRP002435	DRS016933	DRX019712	DRR028250
904	DRP002435	DRS016933	DRX019712	DRR028261
918	DRP002435	DRS016933	DRX019712	DRR028321
971	DRP002435	DRS016933	DRX019712	DRR028255
977	DRP001797	DRS016620	DRX021449	DRR023649
1004	DRP002435	DRS016933	DRX019714	DRR021561
1066	DRP002860	DRS022649	DRX026176	DRR029101
1090	DRP002860	DRS022650	DRX026177	DRR029107
1278	DRP002586	DRS019265	DRX022498	DRR024837
1295	SRP060637	SRS987013	SRX1091356	SRR2096237
1321	SRP051472	SRS801212	SRX821466	SRR1732085
1325	SRP051472	SRS801189	SRX821443	SRR1732062
1349	DRP002851	DRS022478	DRX042184	DRR046896
1350	DRP002625	DRS019495	DRX030655	DRR033935
1363	DRP002435	DRS016933	DRX019713	DRR028603
1368	DRP002435	DRS016933	DRX019714	DRR028341
1378	DRP002435	DRS016933	DRX019715	DRR028476
1465	DRP002435	DRS016933	DRX019711	DRR028140
1589	DRP002860	DRS022649	DRX026176	DRR029102
1798	DRP002586	DRS019265	DRX022662	DRR025001
1825	DRP002586	DRS019265	DRX022706	DRR025045
1835	DRP002435	DRS016933	DRX019714	DRR028351
1853	DRP002435	DRS016933	DRX019711	DRR028193
1859	DRP002435	DRS016933	DRX019714	DRR028394
1866	DRP002623	DRS019477	DRX021346	DRR023292
1992	DRP002435	DRS016933	DRX019715	DRR028479
2010	SRP059950	SRS973954	SRX1075708	SRR2081130
2290	DRP002435	DRS016933	DRX019715	DRR028455
2293	DRP002586	DRS019265	DRX022683	DRR025022
2318	DRP002586	DRS019265	DRX022587	DRR024926
2321	DRP001797	DRS016622	DRX021451	DRR023668
2322	SRP051472	SRS801174	SRX821428	SRR1732047
2327	DRP002435	DRS016933	DRX019711	DRR028133
2328	DRP002586	DRS019265	DRX022635	DRR024974
2346	DRP002435	DRS016933	DRX019714	DRR028386
2351	DRP002435	DRS016933	DRX019713	DRR028523
2362	DRP002435	DRS016933	DRX019714	DRR028338
2368	DRP002435	DRS016933	DRX019713	DRR028552
2396	DRP002435	DRS016933	DRX019714	DRR028328
2442	DRP002435	DRS016933	DRX019715	DRR028502
2659	SRP061207	SRS993093	SRX1098160	SRR2103637
2687	SRP061033	SRS989936	SRX1094527	SRR2099837
2800	DRP002586	DRS019265	DRX022567	DRR024906
2810	DRP001797	DRS016623	DRX021456	DRR023685
2848	DRP002435	DRS016933	DRX019711	DRR028170
2853	DRP002435	DRS016933	DRX019714	DRR028348
3302	DRP002435	DRS016933	DRX019713	DRR028590
3307	DRP002586	DRS019265	DRX022575	DRR024914
3321	DRP001797	DRS016621	DRX021450	DRR023664
3325	DRP001797	DRS016618	DRX021446	DRR023619
3327	SRP051472	SRS801152	SRX821406	SRR1732025
3329	SRP051472	SRS801205	SRX821459	SRR1732078
3340	DRP002435	DRS016933	DRX019715	DRR028468
3362	DRP002435	DRS016933	DRX019714	DRR028373
3368	DRP002435	DRS016933	DRX019714	DRR028399
3379	DRP002435	DRS016933	DRX019715	DRR028498
3504	DRP002435	DRS016933	DRX019715	DRR028433
3576	SRP051249	SRS795866	SRX815520	SRR1721308
3612	DRP002860	DRS022651	DRX026178	DRR029112
3726	DRP002586	DRS019265	DRX022493	DRR024832
3744	DRP002586	DRS019265	DRX022681	DRR025020
3753	DRP002586	DRS019265	DRX022497	DRR024836
3838	SRP051472	SRS801156	SRX821410	SRR1732029
3867	DRP002435	DRS016933	DRX019711	DRR028212
3871	DRP002586	DRS019265	DRX022550	DRR024889
3874	DRP002586	DRS019265	DRX022687	DRR025026
3875	DRP002435	DRS016933	DRX019714	DRR028339
3884	DRP002435	DRS016933	DRX019714	DRR028362
3948	DRP002435	DRS016933	DRX019713	DRR028553
3978	DRP002435	DRS016933	DRX019711	DRR028163
4043	SRP059925	SRS973138	SRX1074658	SRR2079883
4071	SRP060348	SRS979012	SRX1081202	SRR2087207
4315	DRP002586	DRS019265	DRX022612	DRR024951
4323	SRP051472	SRS801181	SRX821435	SRR1732054
4333	DRP002435	DRS016933	DRX019711	DRR028142
4336	DRP002586	DRS019265	DRX022666	DRR025005
4352	DRP002435	DRS016933	DRX019713	DRR028517
4373	DRP002435	DRS016933	DRX019714	DRR028364
4418	DRP002851	DRS022479	DRX042185	DRR046897
4465	DRP002435	DRS016933	DRX019712	DRR028253
4779	SRP060637	SRS987015	SRX1091351	SRR2096232
4825	SRP051472	SRS801207	SRX821461	SRR1732080
4826	DRP001797	DRS016623	DRX021456	DRR023690
4827	DRP001797	DRS016621	DRX021450	DRR023657
4829	DRP001797	DRS016618	DRX021446	DRR023630
4849	DRP002586	DRS019265	DRX022703	DRR025042
4855	DRP002586	DRS019265	DRX022585	DRR024924
4857	DRP002435	DRS016933	DRX019711	DRR028165
4868	DRP002435	DRS016933	DRX019713	DRR028559
4871	DRP002435	DRS016933	DRX019711	DRR028228
4872	DRP002435	DRS016933	DRX019713	DRR028564
4873	DRP002435	DRS016933	DRX019714	DRR028326
4906	DRP002435	DRS016933	DRX019712	DRR028286
5000	DRP002435	DRS016933	DRX019715	DRR028462
5001	DRP002435	DRS016933	DRX019715	DRR028432
5305	DRP002586	DRS019265	DRX022589	DRR024928
5312	DRP002586	DRS019265	DRX022554	DRR024893
5335	DRP001797	DRS016622	DRX021451	DRR023667
5337	DRP001797	DRS016621	DRX021450	DRR023659
5341	DRP002586	DRS019265	DRX022555	DRR024894
5356	DRP002435	DRS016933	DRX019711	DRR028166
5368	DRP002435	DRS016933	DRX019713	DRR028521
5395	DRP002435	DRS016933	DRX019715	DRR028495
5423	DRP002435	DRS016933	DRX019712	DRR028317
5499	DRP002623	DRS019466	DRX021335	DRR023281
5516	SRP059950	SRS973952	SRX1075710	SRR2081132
5677	SRP051249	SRS795858	SRX815512	SRR1721300
5793	SRP061329	SRS995615	SRX1101122	SRR2107338
5802	SRP060637	SRS987002	SRX1091367	SRR2096248
5814	DRP002586	DRS019265	DRX022665	DRR025004
5837	DRP001797	DRS016622	DRX021451	DRR023671
5865	DRP002435	DRS016933	DRX019713	DRR028542
5866	SRP060637	SRS987001	SRX1091368	SRR2096249
5871	DRP002435	DRS016933	DRX019711	DRR028211
5876	DRP002435	DRS016933	DRX019714	DRR028420
5890	DRP002586	DRS019265	DRX022625	DRR024964
5896	DRP002435	DRS016933	DRX019714	DRR028400
5902	DRP002435	DRS016933	DRX019712	DRR028290
5919	DRP002435	DRS016933	DRX019712	DRR028264
5932	DRP002435	DRS016933	DRX019714	DRR028378
6091	DRP002851	DRS022482	DRX044045	DRR048992
6264	DRP002586	DRS019265	DRX022652	DRR024991
6321	SRP051472	SRS801163	SRX821417	SRR1732036
6336	DRP002586	DRS019265	DRX022672	DRR025011
6346	DRP002435	DRS016933	DRX019713	DRR028592
6350	DRP002586	DRS019265	DRX022636	DRR024975
6352	DRP002435	DRS016933	DRX019714	DRR028414
6358	DRP002435	DRS016933	DRX019714	DRR028357
6362	DRP002435	DRS016933	DRX019713	DRR028594
6370	DRP002435	DRS016933	DRX019712	DRR028232
6391	DRP002623	DRS019475	DRX021344	DRR023290
6445	DRP002435	DRS016933	DRX019714	DRR028405
6447	DRP002435	DRS016933	DRX019712	DRR028263
6590	SRP060348	SRS979011	SRX1081204	SRR2087209
6619	DRP002860	DRS022650	DRX026177	DRR029108
6674	DRP002586	DRS019265	DRX022465	DRR024804
6732	DRP002586	DRS019265	DRX022502	DRR024841
6795	DRP002586	DRS019265	DRX022523	DRR024862
6796	DRP002586	DRS019265	DRX022609	DRR024948
6820	DRP002586	DRS019265	DRX022647	DRR024986
6849	DRP002586	DRS019265	DRX022678	DRR025017
6858	DRP002435	DRS016933	DRX019711	DRR028174
6866	DRP002586	DRS019265	DRX022605	DRR024944
6902	DRP001797	DRS016619	DRX021448	DRR023642
6910	DRP002435	DRS016933	DRX019712	DRR028318
6913	DRP002435	DRS016933	DRX019712	DRR028267
6925	DRP002435	DRS016933	DRX019715	DRR028435
7087	DRP002860	DRS022650	DRX026177	DRR029105
7221	SRP060715	SRS988148	SRX1092546	SRR2097513
7288	SRP060637	SRS987004	SRX1091365	SRR2096246
7323	DRP002586	DRS019265	DRX022594	DRR024933
7325	DRP002586	DRS019265	DRX022521	DRR024860
7326	DRP001797	DRS016620	DRX021449	DRR023647
7327	SRP051472	SRS801178	SRX821432	SRR1732051
7366	DRP002435	DRS016933	DRX019713	DRR028551
7367	DRP002435	DRS016933	DRX019714	DRR028390
7372	DRP002586	DRS019265	DRX022515	DRR024854
7377	DRP002435	DRS016933	DRX019712	DRR028278
7418	DRP002435	DRS016933	DRX019712	DRR028272
7488	DRP002435	DRS016933	DRX019712	DRR028256
7609	SRP061292	SRS994928	SRX1100335	SRR2106404
7839	DRP001797	DRS016618	DRX021446	DRR023626
7840	DRP001797	DRS016620	DRX021449	DRR023643
7849	DRP002435	DRS016933	DRX019711	DRR028144
7866	DRP002435	DRS016933	DRX019713	DRR028530
7882	DRP002435	DRS016933	DRX019715	DRR028515
7937	SRP051472	SRS801185	SRX821439	SRR1732058
8028	SRP059950	SRS973945	SRX1075716	SRR2081138
8093	SRP051249	SRS795842	SRX815496	SRR1721284
8258	DRP002586	DRS019265	DRX022633	DRR024972
8299	DRP002586	DRS019265	DRX022573	DRR024912
8311	DRP002586	DRS019265	DRX022640	DRR024979
8329	SRP051472	SRS801199	SRX821453	SRR1732072
8332	DRP002586	DRS019265	DRX022684	DRR025023
8346	DRP002586	DRS019265	DRX022528	DRR024867
8362	DRP002435	DRS016933	DRX019713	DRR028528
8364	DRP002435	DRS016933	DRX019711	DRR028196
8370	DRP002435	DRS016933	DRX019711	DRR028176
8408	DRP002435	DRS016933	DRX019715	DRR028496
8618	SRP051249	SRS795853	SRX815507	SRR1721295
8623	DRP002860	DRS022652	DRX026179	DRR029116
8829	SRP051472	SRS801172	SRX821426	SRR1732045
8836	SRP060637	SRS987003	SRX1091366	SRR2096247
8872	DRP002435	DRS016933	DRX019711	DRR028214
8873	DRP002435	DRS016933	DRX019712	DRR028234
9186	DRP002586	DRS019265	DRX022468	DRR024807
9311	DRP002586	DRS019265	DRX022705	DRR025044
9324	DRP001797	DRS016623	DRX021456	DRR023694
9327	DRP001797	DRS016619	DRX021448	DRR023641
9349	DRP002586	DRS019265	DRX022559	DRR024898
9359	DRP002435	DRS016933	DRX019711	DRR028158
9361	DRP002851	DRS022480	DRX042186	DRR046898
9362	DRP002435	DRS016933	DRX019711	DRR028160
9369	DRP002435	DRS016933	DRX019714	DRR028387
9375	DRP002435	DRS016933	DRX019713	DRR028591
9382	DRP002586	DRS019265	DRX022711	DRR025050
9424	DRP002435	DRS016933	DRX019712	DRR028237
9438	DRP002435	DRS016933	DRX019712	DRR028304
9473	DRP002435	DRS016933	DRX019715	DRR028449
9509	DRP002435	DRS016933	DRX019715	DRR028460
9608	DRP002860	DRS022652	DRX026179	DRR029115
9738	DRP002586	DRS019265	DRX022479	DRR024818
9829	SRP051472	SRS801188	SRX821442	SRR1732061
9832	SRP051472	SRS801208	SRX821463	SRR1732082
9851	DRP002435	DRS016933	DRX019711	DRR028202
9878	DRP002435	DRS016933	DRX019712	DRR028307
9883	DRP002435	DRS016933	DRX019712	DRR028314
9895	DRP002435	DRS016933	DRX019714	DRR028334
9901	DRP002625	DRS019497	DRX030657	DRR033937
10005	DRP002623	DRS019467	DRX021336	DRR023282
10008	DRP002435	DRS016933	DRX019714	DRR028329
10011	DRP002435	DRS016933	DRX019714	DRR028356
10160	DRP002586	DRS019265	DRX022464	DRR024803
10185	SRP060715	SRS988136	SRX1092558	SRR2097525
10324	DRP002586	DRS019265	DRX022649	DRR024988
10333	DRP002586	DRS019265	DRX022524	DRR024863
10339	DRP001797	DRS016619	DRX021448	DRR023637
10340	DRP001797	DRS016623	DRX021456	DRR023688
10352	DRP002586	DRS019265	DRX022709	DRR025048
10368	DRP002435	DRS016933	DRX019712	DRR028298
10373	DRP002435	DRS016933	DRX019711	DRR028181
10374	DRP002435	DRS016933	DRX019711	DRR028207
10378	DRP002435	DRS016933	DRX019712	DRR028236
10379	SRP051472	SRS801165	SRX821419	SRR1732038
10381	DRP002435	DRS016933	DRX019714	DRR028337
10416	DRP002435	DRS016933	DRX019715	DRR028510
10529	SRP059950	SRS973947	SRX1075713	SRR2081135
10585	SRP051249	SRS795849	SRX815503	SRR1721291
10755	DRP002672	DRS019782	DRX028652	DRR031684
10817	DRP002586	DRS019265	DRX022708	DRR025047
10839	SRP051472	SRS801173	SRX821427	SRR1732046
10853	DRP002586	DRS019265	DRX022578	DRR024917
10859	DRP002435	DRS016933	DRX019715	DRR028444
10863	DRP002586	DRS019265	DRX022534	DRR024873
10891	DRP002435	DRS016933	DRX019714	DRR028370
10899	DRP002435	DRS016933	DRX019715	DRR028513
10911	DRP002435	DRS016933	DRX019712	DRR028277
10979	DRP002435	DRS016933	DRX019712	DRR028238
11014	DRP002435	DRS016933	DRX019714	DRR028346
11113	SRP051249	SRS795845	SRX815499	SRR1721287
11263	SRP061033	SRS989938	SRX1094525	SRR2099835
11362	DRP002586	DRS019265	DRX022614	DRR024953
11368	DRP002586	DRS019265	DRX022562	DRR024901
11379	DRP002586	DRS019265	DRX022507	DRR024846
11410	DRP002435	DRS016933	DRX019713	DRR028555
11834	DRP001797	DRS016620	DRX021449	DRR023645
11855	DRP002586	DRS019265	DRX022592	DRR024931
11883	DRP002435	DRS016933	DRX019714	DRR028347
11982	DRP002435	DRS016933	DRX019714	DRR028393
12065	SRP059925	SRS973145	SRX1074656	SRR2079881
12118	SRP051249	SRS795862	SRX815516	SRR1721304
12165	SRP061292	SRS994931	SRX1100331	SRR2106400
12208	DRP002586	DRS019265	DRX022467	DRR024806
12335	DRP002435	DRS016933	DRX019713	DRR028557
12372	DRP002435	DRS016933	DRX019711	DRR028220
12375	DRP002435	DRS016933	DRX019713	DRR028547
12398	DRP002435	DRS016933	DRX019714	DRR028327
12410	DRP002435	DRS016933	DRX019712	DRR028244
12641	DRP002860	DRS022649	DRX026176	DRR029104
12781	SRP060637	SRS986996	SRX1091373	SRR2096254
12841	SRP051472	SRS801198	SRX821452	SRR1732071
12842	SRP051472	SRS801153	SRX821407	SRR1732026
12865	DRP002586	DRS019265	DRX022714	DRR025053
12869	DRP002435	DRS016933	DRX019711	DRR028164
12920	DRP002435	DRS016933	DRX019715	DRR028425
12986	DRP002435	DRS016933	DRX019711	DRR028217
13306	DRP002435	DRS016933	DRX019713	DRR028535
13316	SRP060637	SRS987014	SRX1091352	SRR2096233
13340	DRP001797	DRS016618	DRX021446	DRR023623
13342	DRP001797	DRS016621	DRX021450	DRR023662
13347	DRP001797	DRS016618	DRX021446	DRR023628
13356	DRP002586	DRS019265	DRX022512	DRR024851
13357	DRP002435	DRS016933	DRX019711	DRR028225
13358	DRP002586	DRS019265	DRX022710	DRR025049
13384	DRP002586	DRS019265	DRX022679	DRR025018
13397	DRP002623	DRS019464	DRX021333	DRR023279
13538	SRP059950	SRS973935	SRX1075718	SRR2081140
13840	DRP001797	DRS016623	DRX021456	DRR023693
13842	DRP002435	DRS016933	DRX019711	DRR028179
13850	DRP002586	DRS019265	DRX022707	DRR025046
13858	DRP002586	DRS019265	DRX022506	DRR024845
13867	DRP002435	DRS016933	DRX019711	DRR028137
13868	DRP002586	DRS019265	DRX022560	DRR024899
13872	DRP002435	DRS016933	DRX019713	DRR028549
13884	DRP002435	DRS016933	DRX019713	DRR028560
13885	DRP002586	DRS019265	DRX022593	DRR024932
13889	DRP002435	DRS016933	DRX019712	DRR028295
13894	DRP002435	DRS016933	DRX019714	DRR028398
13899	DRP002586	DRS019265	DRX022582	DRR024921
13939	DRP002435	DRS016933	DRX019712	DRR028315
13941	DRP002435	DRS016933	DRX019715	DRR028477
14019	DRP002435	DRS016933	DRX019715	DRR028489
14021	DRP002435	DRS016933	DRX019714	DRR028403
14070	SRP053791	SRS842869	SRX872670	SRR1798135
14223	DRP002586	DRS019265	DRX022480	DRR024819
14306	DRP002435	DRS016933	DRX019711	DRR028139
14329	SRP051472	SRS801148	SRX821402	SRR1732021
14344	DRP002586	DRS019265	DRX022549	DRR024888
14348	DRP002586	DRS019265	DRX022685	DRR025024
14352	DRP002435	DRS016933	DRX019711	DRR028200
14360	DRP002435	DRS016933	DRX019713	DRR028561
14367	DRP002435	DRS016933	DRX019715	DRR028461
14374	DRP002435	DRS016933	DRX019713	DRR028566
14381	DRP002435	DRS016933	DRX019711	DRR028167
14398	DRP002435	DRS016933	DRX019712	DRR028309
14423	DRP002435	DRS016933	DRX019712	DRR028260
14454	DRP002435	DRS016933	DRX019712	DRR028283
14765	DRP002586	DRS019265	DRX022590	DRR024929
14817	DRP002435	DRS016933	DRX019715	DRR028456
14829	DRP002586	DRS019265	DRX022532	DRR024871
14836	DRP001797	DRS016618	DRX021446	DRR023629
14849	DRP002586	DRS019265	DRX022529	DRR024868
14891	DRP002435	DRS016933	DRX019713	DRR028567
14895	DRP002586	DRS019265	DRX022601	DRR024940
14936	DRP002435	DRS016933	DRX019715	DRR028470
14938	DRP002435	DRS016933	DRX019712	DRR028265
15156	SRP060715	SRS988142	SRX1092552	SRR2097519
15277	SRP060715	SRS988146	SRX1092548	SRR2097515
15309	DRP002435	DRS016933	DRX019711	DRR028204
15324	DRP002586	DRS019265	DRX022619	DRR024958
15337	SRP051472	SRS801192	SRX821446	SRR1732065
15368	DRP002435	DRS016933	DRX019711	DRR028153
15369	DRP002435	DRS016933	DRX019711	DRR028195
15388	DRP002435	DRS016933	DRX019713	DRR028550
15434	DRP002623	DRS019474	DRX021343	DRR023289
15438	DRP002435	DRS016933	DRX019712	DRR028322
15772	SRP061329	SRS995616	SRX1101121	SRR2107337
15779	DRP002586	DRS019265	DRX022491	DRR024830
15827	DRP002586	DRS019265	DRX022579	DRR024918
15842	DRP002586	DRS019265	DRX022637	DRR024976
15865	DRP002435	DRS016933	DRX019711	DRR028134
15872	DRP002435	DRS016933	DRX019713	DRR028545
15884	DRP002435	DRS016933	DRX019712	DRR028230
15888	DRP002435	DRS016933	DRX019713	DRR028586
15929	DRP002435	DRS016933	DRX019711	DRR028188
15938	DRP002435	DRS016933	DRX019712	DRR028288
16001	DRP002435	DRS016933	DRX019711	DRR028156
16022	DRP002435	DRS016933	DRX01971
20345	DRP001797	DRS016621	DRX021450	DRR023654
20417	DRP002435	DRS016933	DRX019715	DRR028423
20437	DRP002435	DRS016933	DRX019712	DRR028289
20444	DRP002435	DRS016933	DRX019712	DRR028319
20531	DRP002435	DRS016933	DRX019715	DRR028471
20630	DRP002860	DRS022651	DRX026178	DRR029111
20700	SRP060715	SRS988145	SRX1092549	SRR2097516
20775	DRP002586	DRS019265	DRX022499	DRR024838
20849	SRP051472	SRS801167	SRX821421	SRR1732040
20850	SRP051472	SRS801211	SRX821465	SRR1732084
20852	DRP001797	DRS016622	DRX021451	DRR023673
20862	DRP002435	DRS016933	DRX019711	DRR028206
20863	DRP002586	DRS019265	DRX022631	DRR024970
20865	DRP002435	DRS016933	DRX019713	DRR028581
20871	DRP002435	DRS016933	DRX019713	DRR028574
20902	DRP002435	DRS016933	DRX019713	DRR028580
20943	DRP002435	DRS016933	DRX019712	DRR028246
20945	DRP002435	DRS016933	DRX019712	DRR028266
21005	DRP002435	DRS016933	DRX019712	DRR028310
21007	DRP002435	DRS016933	DRX019714	DRR028417
21035	DRP002435	DRS016933	DRX019715	DRR028428
21299	SRP060637	SRS986999	SRX1091370	SRR2096251
21350	SRP051472	SRS801170	SRX821424	SRR1732043
21371	DRP002435	DRS016933	DRX019712	DRR028229
21375	DRP002435	DRS016933	DRX019713	DRR028532
21481	DRP002435	DRS016933	DRX019715	DRR028442
21693	SRP060715	SRS988138	SRX1092556	SRR2097523
21758	DRP002721	DRS020580	DRX040354	DRR045032
21830	DRP002586	DRS019265	DRX022690	DRR025029
21847	DRP002586	DRS019265	DRX022716	DRR025055
21855	SRP051472	SRS801190	SRX821444	SRR1732063
21869	DRP002586	DRS019265	DRX022712	DRR025051
21877	DRP002435	DRS016933	DRX019713	DRR028548
21880	DRP002435	DRS016933	DRX019714	DRR028343
21886	DRP002435	DRS016933	DRX019711	DRR028150
21902	DRP002435	DRS016933	DRX019715	DRR028436
21915	DRP002435	DRS016933	DRX019714	DRR028407
21927	DRP002623	DRS019458	DRX021327	DRR023273
21956	DRP002435	DRS016933	DRX019712	DRR028280
21996	DRP002435	DRS016933	DRX019713	DRR028596
22032	DRP002435	DRS016933	DRX019715	DRR028447
22223	SRP060715	SRS988143	SRX1092551	SRR2097518
22321	DRP002586	DRS019265	DRX022606	DRR024945
22326	DRP001797	DRS016618	DRX021446	DRR023622
22328	DRP001797	DRS016621	DRX021450	DRR023652
22330	DRP001797	DRS016622	DRX021451	DRR023669
22331	DRP001797	DRS016622	DRX021451	DRR023675
22351	DRP002586	DRS019265	DRX022654	DRR024993
22354	DRP002586	DRS019265	DRX022663	DRR025002
22360	DRP002435	DRS016933	DRX019711	DRR028138
22361	DRP002586	DRS019265	DRX022557	DRR024896
22374	DRP002435	DRS016933	DRX019714	DRR028349
22379	DRP002435	DRS016933	DRX019715	DRR028440
22393	DRP002435	DRS016933	DRX019714	DRR028340
22410	DRP002435	DRS016933	DRX019715	DRR028474
22502	DRP002435	DRS016933	DRX019711	DRR028216
22534	DRP002435	DRS016933	DRX019715	DRR028438
22539	DRP002435	DRS016933	DRX019714	DRR028408
22616	SRP051249	SRS795839	SRX815493	SRR1721281
22634	SRP051249	SRS795868	SRX815522	SRR1721310
22668	SRP051249	SRS795852	SRX815506	SRR1721294
22841	DRP001797	DRS016623	DRX021456	DRR023696
22844	DRP001797	DRS016621	DRX021450	DRR023660
22869	DRP002586	DRS019265	DRX022599	DRR024938
22876	DRP002435	DRS016933	DRX019714	DRR028411
23009	DRP002435	DRS016933	DRX019713	DRR028579
23112	SRP051249	SRS795844	SRX815498	SRR1721286
23142	DRP002860	DRS022650	DRX026177	DRR029106
23170	SRP051249	SRS795855	SRX815509	SRR1721297
23328	SRP060637	SRS987007	SRX1091362	SRR2096243
23349	DRP002586	DRS019265	DRX022622	DRR024961
23358	DRP002435	DRS016933	DRX019711	DRR028197
23362	SRP051472	SRS801187	SRX821441	SRR1732060
23378	DRP002586	DRS019265	DRX022645	DRR024984
23389	DRP002435	DRS016933	DRX019714	DRR028365
23416	DRP002435	DRS016933	DRX019714	DRR028331
23434	DRP002435	DRS016933	DRX019715	DRR028481
23545	DRP002435	DRS016933	DRX019715	DRR028426
23858	SRP051472	SRS801183	SRX821437	SRR1732056
23860	SRP051472	SRS801200	SRX821454	SRR1732073
23881	DRP002586	DRS019265	DRX022660	DRR024999
23890	DRP002623	DRS019455	DRX021324	DRR023270
23892	DRP002435	DRS016933	DRX019713	DRR028563
23908	DRP002435	DRS016933	DRX019713	DRR028554
23977	DRP002435	DRS016933	DRX019715	DRR028430
24015	DRP002435	DRS016933	DRX019712	DRR028296
24057	SRP059950	SRS973934	SRX1075717	SRR2081139
24281	DRP002586	DRS019265	DRX022489	DRR024828
24376	DRP002586	DRS019265	DRX022643	DRR024982
24378	DRP002435	DRS016933	DRX019711	DRR028149
24391	DRP002435	DRS016933	DRX019714	DRR028401
24394	DRP002435	DRS016933	DRX019713	DRR028595
24399	DRP002435	DRS016933	DRX019713	DRR028544
24409	SRP051472	SRS801215	SRX821469	SRR1732088
24411	DRP002435	DRS016933	DRX019714	DRR028335
24423	DRP002435	DRS016933	DRX019712	DRR028292
24436	DRP002435	DRS016933	DRX019712	DRR028285
24643	DRP002860	DRS022651	DRX026178	DRR029110
24683	DRP002667	DRS019758	DRX028644	DRR031676
24789	DRP002586	DRS019265	DRX022676	DRR025015
24839	DRP002586	DRS019265	DRX022702	DRR025041
24858	DRP002586	DRS019265	DRX022533	DRR024872
24867	SRP051472	SRS801176	SRX821430	SRR1732049
24868	SRP051472	SRS801160	SRX821414	SRR1732033
24870	DRP001797	DRS016622	DRX021451	DRR023676
24871	DRP001797	DRS016618	DRX021446	DRR023631
24889	DRP002623	DRS019476	DRX021345	DRR023291
24893	DRP002435	DRS016933	DRX019714	DRR028353
24903	DRP002435	DRS016933	DRX019713	DRR028576
24906	DRP002623	DRS019468	DRX021337	DRR023283
24913	DRP002435	DRS016933	DRX019714	DRR028363
24934	DRP002435	DRS016933	DRX019712	DRR028258
24953	DRP002435	DRS016933	DRX019715	DRR028458
24998	DRP002435	DRS016933	DRX019711	DRR028171
25309	DRP002586	DRS019265	DRX022566	DRR024905
25357	DRP002586	DRS019265	DRX022597	DRR024936
25367	SRP051472	SRS801145	SRX821399	SRR1732018
25368	DRP001797	DRS016622	DRX021451	DRR023672
25380	DRP002435	DRS016933	DRX019711	DRR028208
25387	DRP002435	DRS016933	DRX019711	DRR028173
25389	DRP002586	DRS019265	DRX022574	DRR024913
25392	DRP002435	DRS016933	DRX019713	DRR028578
25412	DRP002435	DRS016933	DRX019713	DRR028527
25420	DRP002435	DRS016933	DRX019712	DRR028276
25423	DRP002586	DRS019265	DRX022539	DRR024878
25448	DRP002435	DRS016933	DRX019712	DRR028282
25655	SRP060715	SRS988141	SRX1092553	SRR2097520
25766	SRP061033	SRS989934	SRX1094529	SRR2099839
25872	DRP002586	DRS019265	DRX022667	DRR025006
25873	DRP002586	DRS019265	DRX022583	DRR024922
25897	DRP002851	DRS022477	DRX042183	DRR046895
25899	DRP002435	DRS016933	DRX019711	DRR028210
25903	DRP002435	DRS016933	DRX019713	DRR028558
25962	SRP051472	SRS801210	SRX821464	SRR1732083
26237	DRP002586	DRS019265	DRX022482	DRR024821
26289	DRP002672	DRS019780	DRX028650	DRR031682
26377	DRP002586	DRS019265	DRX022700	DRR025039
26380	DRP002435	DRS016933	DRX019713	DRR028593
26398	DRP002435	DRS016933	DRX019711	DRR028154
26401	DRP002435	DRS016933	DRX019714	DRR028395
26409	DRP002435	DRS016933	DRX019711	DRR028145
26419	SRP051472	SRS801175	SRX821429	SRR1732048
26760	DRP002586	DRS019265	DRX022487	DRR024826
26842	SRP060637	SRS986998	SRX1091371	SRR2096252
26862	DRP002586	DRS019265	DRX022680	DRR025019
26901	DRP002586	DRS019265	DRX022603	DRR024942
26905	DRP002435	DRS016933	DRX019714	DRR028379
26912	DRP002435	DRS016933	DRX019713	DRR028526
26947	DRP002435	DRS016933	DRX019715	DRR028457
26969	DRP002435	DRS016933	DRX019712	DRR028240
26989	DRP002435	DRS016933	DRX019715	DRR028446
27232	DRP002586	DRS019265	DRX022473	DRR024812
27380	DRP002435	DRS016933	DRX019711	DRR028205
27382	DRP002586	DRS019265	DRX022677	DRR025016
27387	DRP002586	DRS019265	DRX022697	DRR025036
27392	DRP002435	DRS016933	DRX019711	DRR028227
27395	DRP002435	DRS016933	DRX019711	DRR028146
27404	DRP002435	DRS016933	DRX019714	DRR028410
27435	DRP002435	DRS016933	DRX019715	DRR028448
27436	DRP002435	DRS016933	DRX019714	DRR028366
27466	DRP002435	DRS016933	DRX019714	DRR028376
27557	DRP002435	DRS016933	DRX019713	DRR023030
27610	SRP053791	SRS985494	SRX1089474	SRR2093853
27654	SRP051249	SRS795864	SRX815518	SRR1721306
27796	SRP060715	SRS988147	SRX1092547	SRR2097514
27829	SRP060637	SRS987005	SRX1091364	SRR2096245
27848	DRP002435	DRS016933	DRX019713	DRR028601
27870	DRP001797	DRS016622	DRX021451	DRR023677
27874	DRP001797	DRS016621	DRX021450	DRR023658
27898	DRP002435	DRS016933	DRX019713	DRR028537
27902	DRP002435	DRS016933	DRX019714	DRR028368
27918	DRP002435	DRS016933	DRX019711	DRR028169
27958	DRP002435	DRS016933	DRX019712	DRR028275
28048	DRP002435	DRS016933	DRX019715	DRR028478
28060	DRP002435	DRS016933	DRX019712	DRR021559
28083	SRP053791	SRS842870	SRX872669	SRR1798134
28252	DRP002586	DRS019265	DRX022475	DRR024814
28304	DRP002672	DRS019786	DRX028656	DRR031688
28351	SRP051472	SRS801197	SRX821451	SRR1732070
28355	DRP001797	DRS016618	DRX021446	DRR023625
28362	DRP002623	DRS019469	DRX021338	DRR023284
28374	DRP002586	DRS019265	DRX022715	DRR025054
28396	DRP002435	DRS016933	DRX019711	DRR028218
28406	DRP002435	DRS016933	DRX019714	DRR028404
28457	DRP002435	DRS016933	DRX019712	DRR028239
28463	DRP002435	DRS016933	DRX019712	DRR028262
28503	DRP002435	DRS016933	DRX019711	DRR028226
28571	SRP059950	SRS973950	SRX1075711	SRR2081133
28652	SRP051249	SRS795843	SRX815497	SRR1721285
28712	SRP051249	SRS795861	SRX815515	SRR1721303
28865	DRP002586	DRS019265	DRX022613	DRR024952
28882	DRP002435	DRS016933	DRX019715	DRR028504
28887	SRP051472	SRS801213	SRX821467	SRR1732086
28921	SRP061033	SRS989927	SRX1094536	SRR2099846
28922	DRP002435	DRS016933	DRX019715	DRR028512
28924	DRP002435	DRS016933	DRX019714	DRR028342
28965	DRP002435	DRS016933	DRX019712	DRR028274
29059	DRP002435	DRS016933	DRX019711	DRR021558
29066	DRP002860	DRS022653	DRX026180	DRR029119
29289	DRP002586	DRS019265	DRX022547	DRR024886
29332	DRP002586	DRS019265	DRX022627	DRR024966
29368	DRP001797	DRS016618	DRX021446	DRR023627
29369	SRP051472	SRS801169	SRX821423	SRR1732042
29373	SRP051472	SRS801206	SRX821460	SRR1732079
29393	DRP002435	DRS016933	DRX019711	DRR028143
29437	DRP002435	DRS016933	DRX019712	DRR028251
29508	DRP002623	DRS019473	DRX021342	DRR023288
29637	DRP002860	DRS022653	DRX026180	DRR029120
29868	SRP051472	SRS801154	SRX821408	SRR1732027
29871	SRP051472	SRS801157	SRX821411	SRR1732030
29892	DRP002586	DRS019265	DRX022642	DRR024981
29919	DRP002435	DRS016933	DRX019714	DRR028397
29922	DRP002435	DRS016933	DRX019711	DRR028182
29928	DRP002435	DRS016933	DRX019711	DRR028183
29935	DRP002435	DRS016933	DRX019714	DRR028333
29951	DRP002435	DRS016933	DRX019712	DRR028249
29952	DRP002435	DRS016933	DRX019712	DRR028243
29954	DRP002435	DRS016933	DRX019712	DRR028252
29962	DRP002435	DRS016933	DRX019712	DRR028284
30130	DRP002851	DRS022475	DRX042181	DRR046893
30147	SRP051249	SRS795859	SRX815513	SRR1721301
30223	DRP002586	DRS019265	DRX022501	DRR024840
30261	DRP002586	DRS019265	DRX022494	DRR024833
30305	SRP061329	SRS995613	SRX1101124	SRR2107340
30389	SRP060637	SRS987008	SRX1091361	SRR2096242
30410	SRP061033	SRS989928	SRX1094535	SRR2099845
30434	DRP002435	DRS016933	DRX019715	DRR028437
30445	DRP002435	DRS016933	DRX019715	DRR028427
30534	SRP064454	SRS1098746	SRX1303787	SRR2557088
30653	DRP002860	DRS022649	DRX026176	DRR029103
30737	SRP061207	SRS993092	SRX1098161	SRR2103638
30845	DRP002586	DRS019265	DRX022541	DRR024880
30881	DRP002586	DRS019265	DRX022526	DRR024865
30889	SRP051472	SRS801196	SRX821450	SRR1732069
30904	DRP002586	DRS019265	DRX022538	DRR024877
30923	DRP002435	DRS016933	DRX019715	DRR028487
30932	DRP002435	DRS016933	DRX019715	DRR028511
30935	DRP002625	DRS019496	DRX030656	DRR033936
31294	DRP002586	DRS019265	DRX022552	DRR024891
31343	DRP002835	DRS022166	DRX025693	DRR028130
31361	DRP002586	DRS019265	DRX022527	DRR024866
31388	DRP002435	DRS016933	DRX019711	DRR028141
31397	DRP002586	DRS019265	DRX022577	DRR024916
31408	DRP002435	DRS016933	DRX019713	DRR028571
31418	DRP002435	DRS016933	DRX019715	DRR028452
31423	DRP002435	DRS016933	DRX019715	DRR028482
31461	DRP002435	DRS016933	DRX019712	DRR028312
31704	SRP067221	SRS1191957	SRX1465413	SRR2984757
31891	SRP051472	SRS801146	SRX821400	SRR1732019
31892	SRP051472	SRS801195	SRX821449	SRR1732068
31902	DRP002586	DRS019265	DRX022664	DRR025003
31906	DRP002586	DRS019265	DRX022548	DRR024887
31911	DRP002586	DRS019265	DRX022545	DRR024884
31913	DRP002586	DRS019265	DRX022591	DRR024930
31914	DRP002586	DRS019265	DRX022537	DRR024876
31927	DRP002435	DRS016933	DRX019714	DRR028391
31930	DRP002435	DRS016933	DRX019713	DRR028543
31945	DRP002435	DRS016933	DRX019712	DRR028273
31964	DRP002435	DRS016933	DRX019715	DRR028431
32025	DRP002435	DRS016933	DRX019711	DRR028175
32257	DRP002586	DRS019265	DRX022485	DRR024824
32332	DRP002586	DRS019265	DRX022699	DRR025038
32353	DRP002586	DRS019265	DRX022604	DRR024943
32374	SRP051472	SRS801203	SRX821457	SRR1732076
32375	DRP001797	DRS016621	DRX021450	DRR023653
32379	SRP051472	SRS801194	SRX821448	SRR1732067
32389	DRP002586	DRS019265	DRX022598	DRR024937
32395	DRP002586	DRS019265	DRX022540	DRR024879
32403	DRP002435	DRS016933	DRX019713	DRR028541
32404	DRP002586	DRS019265	DRX022671	DRR025010
32409	DRP002435	DRS016933	DRX019713	DRR028539
32417	DRP002435	DRS016933	DRX019715	DRR028450
32422	DRP002435	DRS016933	DRX019714	DRR028354
32424	DRP002435	DRS016933	DRX019715	DRR028508
32530	DRP002435	DRS016933	DRX019712	DRR028233
32553	DRP002435	DRS016933	DRX019715	DRR028443
32740	DRP002667	DRS019756	DRX028642	DRR031674
32808	SRP060637	SRS987011	SRX1091358	SRR2096239
32837	DRP002586	DRS019265	DRX022495	DRR024834
32867	DRP002435	DRS016933	DRX019711	DRR028199
32878	DRP001797	DRS016620	DRX021449	DRR023648
32886	DRP002586	DRS019265	DRX022717	DRR025056
32904	DRP002435	DRS016933	DRX019712	DRR028235
32905	DRP002435	DRS016933	DRX019713	DRR028534
32919	DRP002435	DRS016933	DRX019714	DRR028352
32921	DRP002435	DRS016933	DRX019713	DRR028556
32929	DRP002435	DRS016933	DRX019712	DRR028313
32964	DRP002435	DRS016933	DRX019715	DRR028421
33173	DRP002667	DRS019762	DRX028648	DRR031680
33247	DRP002623	DRS019471	DRX021340	DRR023286
33335	DRP002586	DRS019265	DRX022536	DRR024875
33360	DRP001797	DRS016622	DRX021451	DRR023674
33361	SRP051472	SRS801193	SRX821447	SRR1732066
33372	DRP002586	DRS019265	DRX022634	DRR024973
33387	DRP002435	DRS016933	DRX019714	DRR028380
33416	DRP002435	DRS016933	DRX019712	DRR028308
33457	DRP002435	DRS016933	DRX019715	DRR028422
33468	DRP002435	DRS016933	DRX019712	DRR028259
33528	DRP002435	DRS016933	DRX019711	DRR028185
33614	SRP059925	SRS973146	SRX1074655	SRR2079880
33617	SRP059925	SRS973139	SRX1074659	SRR2079884
33647	SRP051249	SRS795841	SRX815495	SRR1721283
33792	DRP002586	DRS019265	DRX022509	DRR024848
33864	DRP002586	DRS019265	DRX022693	DRR025032
33872	DRP001797	DRS016623	DRX021456	DRR023692
33884	DRP002586	DRS019265	DRX022669	DRR025008
33887	DRP002586	DRS019265	DRX022586	DRR024925
33889	DRP002586	DRS019265	DRX022689	DRR025028
33893	DRP002586	DRS019265	DRX022617	DRR024956
33907	DRP002435	DRS016933	DRX019711	DRR028151
33908	DRP002435	DRS016933	DRX019712	DRR028294
33915	DRP002435	DRS016933	DRX019714	DRR028374
33923	DRP002435	DRS016933	DRX019713	DRR028598
34138	DRP002860	DRS022651	DRX026178	DRR029109
34247	DRP002586	DRS019265	DRX022469	DRR024808
34316	DRP002672	DRS019784	DRX028654	DRR031686
34343	DRP002586	DRS019265	DRX022546	DRR024885
34363	DRP001797	DRS016619	DRX021448	DRR023635
34365	DRP001797	DRS016620	DRX021449	DRR023644
34366	SRP051472	SRS801149	SRX821403	SRR1732022
34370	DRP002435	DRS016933	DRX019711	DRR028190
34381	DRP002586	DRS019265	DRX022580	DRR024919
34392	DRP002586	DRS019265	DRX022596	DRR024935
34393	DRP002586	DRS019265	DRX022628	DRR024967
34401	DRP002435	DRS016933	DRX019714	DRR028413
34644	SRP051249	SRS795856	SRX815510	SRR1721298
34673	SRP051249	SRS795851	SRX815505	SRR1721293
34682	DRP002586	DRS019265	DRX022481	DRR024820
34735	DRP002860	DRS022653	DRX026180	DRR029118
34843	DRP002586	DRS019265	DRX022718	DRR025057
34857	DRP002586	DRS019265	DRX022650	DRR024989
34866	SRP051472	SRS801214	SRX821468	SRR1732087
34877	DRP002435	DRS016933	DRX019711	DRR028147
34886	DRP002435	DRS016933	DRX019713	DRR028585
34910	DRP002435	DRS016933	DRX019712	DRR028300
34926	DRP002435	DRS016933	DRX019715	DRR028453
34969	DRP002435	DRS016933	DRX019714	DRR028396
35031	DRP002435	DRS016933	DRX019712	DRR028311
35068	DRP002435	DRS016933	DRX019715	DRR028485
35076	SRP059950	SRS973955	SRX1075709	SRR2081131
35166	SRP051249	SRS795846	SRX815500	SRR1721288
35176	DRP002667	DRS019760	DRX028646	DRR031678
35310	DRP002586	DRS019265	DRX022492	DRR024831
35355	DRP002586	DRS019265	DRX022670	DRR025009
35367	SRP060637	SRS986992	SRX1091355	SRR2096236
35393	SRP060637	SRS986994	SRX1091353	SRR2096234
35400	DRP002586	DRS019265	DRX022607	DRR024946
35412	DRP002435	DRS016933	DRX019715	DRR028503
35416	DRP002435	DRS016933	DRX019711	DRR028191
35422	DRP002586	DRS019265	DRX022514	DRR024853
35425	DRP002435	DRS016933	DRX019714	DRR028412
35430	DRP002435	DRS016933	DRX019713	DRR028575
35463	DRP002435	DRS016933	DRX019712	DRR028287
35563	DRP002435	DRS016933	DRX019714	DRR028406
35734	SRP061033	SRS989937	SRX1094526	SRR2099836
35758	DRP002586	DRS019265	DRX022486	DRR024825
35875	DRP002586	DRS019265	DRX022692	DRR025031
35894	DRP001797	DRS016622	DRX021451	DRR023666
35928	DRP002435	DRS016933	DRX019713	DRR028531
35933	DRP002435	DRS016933	DRX019713	DRR028589
35934	DRP002435	DRS016933	DRX019714	DRR028383
35944	DRP002435	DRS016933	DRX019714	DRR028377
35993	SRP051472	SRS801204	SRX821458	SRR1732077
36407	DRP001797	DRS016623	DRX021456	DRR023697
36424	DRP002586	DRS019265	DRX022624	DRR024963
36437	DRP002435	DRS016933	DRX019713	DRR028562
36441	DRP002435	DRS016933	DRX019713	DRR028577
36452	DRP002435	DRS016933	DRX019715	DRR028434
36666	SRP061292	SRS994932	SRX1100332	SRR2106401
36673	SRP051249	SRS795837	SRX815491	SRR1721279
36722	DRP002586	DRS019265	DRX022474	DRR024813
36864	DRP002586	DRS019265	DRX022632	DRR024971
36888	SRP051472	SRS801162	SRX821416	SRR1732035
37001	DRP001797	DRS016622	DRX021451	DRR023678
37143	SRP051249	SRS795838	SRX815492	SRR1721280
37301	DRP002586	DRS019265	DRX022478	DRR024817
37334	DRP002586	DRS019265	DRX022695	DRR025034
37346	SRP060637	SRS987012	SRX1091357	SRR2096238
37402	DRP001797	DRS016619	DRX021448	DRR023638
37432	DRP002435	DRS016933	DRX019713	DRR028522
37438	DRP002435	DRS016933	DRX019711	DRR028203
37440	DRP002435	DRS016933	DRX019713	DRR028536
37461	DRP002435	DRS016933	DRX019715	DRR028475
37463	DRP002435	DRS016933	DRX019715	DRR028505
37483	DRP002435	DRS016933	DRX019712	DRR028241
37654	DRP002860	DRS022653	DRX026180	DRR029117
37870	DRP002586	DRS019265	DRX022530	DRR024869
37884	DRP002586	DRS019265	DRX022563	DRR024902
37896	DRP001797	DRS016621	DRX021450	DRR023661
37914	DRP002435	DRS016933	DRX019711	DRR028136
37915	DRP002586	DRS019265	DRX022639	DRR024978
37924	DRP002586	DRS019265	DRX022694	DRR025033
38198	SRP051249	SRS795870	SRX815524	SRR1721312
38409	DRP001797	DRS016623	DRX021456	DRR023689
38410	DRP001797	DRS016618	DRX021446	DRR023621
38423	DRP002586	DRS019265	DRX022626	DRR024965
38425	DRP002586	DRS019265	DRX022513	DRR024852
38428	DRP002435	DRS016933	DRX019711	DRR028219
38495	DRP002435	DRS016933	DRX019712	DRR028303
38527	DRP002435	DRS016933	DRX019715	DRR028514
38632	SRP061292	SRS994930	SRX1100333	SRR2106402
38886	DRP002586	DRS019265	DRX022698	DRR025037
38887	DRP002586	DRS019265	DRX022518	DRR024857
38925	DRP002586	DRS019265	DRX022629	DRR024968
38989	DRP002435	DRS016933	DRX019712	DRR028305
39003	DRP002435	DRS016933	DRX019712	DRR028323
39050	DRP001797	DRS016621	DRX021450	DRR023665
39081	SRP059950	SRS973946	SRX1075715	SRR2081137
39125	SRP053791	SRS842871	SRX872668	SRR1798133
39160	DRP002851	DRS022476	DRX042182	DRR046894
39418	DRP002586	DRS019265	DRX022657	DRR024996
39419	DRP002586	DRS019265	DRX022688	DRR025027
39428	DRP002586	DRS019265	DRX022600	DRR024939
39436	DRP002435	DRS016933	DRX019711	DRR028162
39437	DRP002435	DRS016933	DRX019714	DRR028350
39447	DRP002435	DRS016933	DRX019713	DRR028533
39483	DRP002435	DRS016933	DRX019712	DRR028242
39486	DRP002435	DRS016933	DRX019715	DRR028469
39671	SRP061292	SRS994929	SRX1100334	SRR2106403
39843	DRP002435	DRS016933	DRX019713	DRR028546
39852	DRP002586	DRS019265	DRX022570	DRR024909
39886	SRP051472	SRS801164	SRX821418	SRR1732037
39887	SRP051472	SRS801155	SRX821409	SRR1732028
39888	DRP001797	DRS016618	DRX021446	DRR023632
39890	DRP002586	DRS019265	DRX022701	DRR025040
39903	DRP002586	DRS019265	DRX022623	DRR024962
39907	DRP002586	DRS019265	DRX022525	DRR024864
39955	DRP002435	DRS016933	DRX019715	DRR028494
39961	DRP002435	DRS016933	DRX019712	DRR028271
39965	DRP002435	DRS016933	DRX019715	DRR028466
39981	DRP002435	DRS016933	DRX019712	DRR028254
40403	SRP051472	SRS801147	SRX821401	SRR1732020
40427	DRP002435	DRS016933	DRX019711	DRR028180
40443	DRP002435	DRS016933	DRX019713	DRR028538
40456	DRP002435	DRS016933	DRX019711	DRR028186
40462	DRP002435	DRS016933	DRX019712	DRR028247
40664	SRP051249	SRS795847	SRX815501	SRR1721289
40816	SRP060637	SRS987009	SRX1091360	SRR2096241
40853	DRP002586	DRS019265	DRX022704	DRR025043
40866	DRP002586	DRS019265	DRX022564	DRR024903
40875	DRP002623	DRS019457	DRX021326	DRR023272
40878	DRP001797	DRS016623	DRX021456	DRR023687
40897	DRP002586	DRS019265	DRX022691	DRR025030
40899	DRP002586	DRS019265	DRX022531	DRR024870
40938	DRP002435	DRS016933	DRX019715	DRR028451
40939	DRP002435	DRS016933	DRX019714	DRR028345
41032	DRP002435	DRS016933	DRX019711	DRR028155
41049	DRP002435	DRS016933	DRX019712	DRR028257
41071	DRP002435	DRS016933	DRX019714	DRR028330
41233	SRP060715	SRS988139	SRX1092555	SRR2097522
41262	DRP002586	DRS019265	DRX022488	DRR024827
41361	DRP002586	DRS019265	DRX022659	DRR024998
41374	DRP002435	DRS016933	DRX019713	DRR028568
41383	DRP002586	DRS019265	DRX022655	DRR024994
41400	DRP001797	DRS016621	DRX021450	DRR023655
41428	DRP002435	DRS016933	DRX019714	DRR028336
41457	DRP002435	DRS016933	DRX019715	DRR028506
41721	SRP061292	SRS994927	SRX1100336	SRR2106405
41864	DRP002586	DRS019265	DRX022661	DRR025000
41876	DRP001797	DRS016621	DRX021450	DRR023650
41879	SRP051472	SRS801177	SRX821431	SRR1732050
41882	DRP002586	DRS019265	DRX022641	DRR024980
41900	DRP002586	DRS019265	DRX022686	DRR025025
41919	DRP002435	DRS016933	DRX019714	DRR028392
41923	DRP002435	DRS016933	DRX019714	DRR028409
41929	DRP002435	DRS016933	DRX019714	DRR028371
41985	SRP066834	SRS1184273	SRX1457138	SRR2967692
42154	SRP051249	SRS795840	SRX815494	SRR1721282
42378	SRP060637	SRS986995	SRX1091374	SRR2096255
42396	DRP002586	DRS019265	DRX022682	DRR025021
42402	DRP002586	DRS019265	DRX022510	DRR024849
42407	DRP002435	DRS016933	DRX019714	DRR028415
42414	DRP002623	DRS019461	DRX021330	DRR023276
42420	DRP002435	DRS016933	DRX019711	DRR028221
42434	DRP002435	DRS016933	DRX019713	DRR028525
42892	DRP002586	DRS019265	DRX022569	DRR024908
42907	DRP001797	DRS016621	DRX021450	DRR023656
42913	DRP001797	DRS016623	DRX021456	DRR023700
42933	DRP002586	DRS019265	DRX022608	DRR024947
42945	DRP002435	DRS016933	DRX019715	DRR028439
42979	DRP002623	DRS019463	DRX021332	DRR023278
42981	DRP002435	DRS016933	DRX019712	DRR028302
42994	DRP002435	DRS016933	DRX019712	DRR028248
43361	DRP002586	DRS019265	DRX022656	DRR024995
43378	SRP051472	SRS801171	SRX821425	SRR1732044
43380	DRP001797	DRS016623	DRX021456	DRR023699
43386	DRP001797	DRS016620	DRX021449	DRR023646
43387	SRP051472	SRS801201	SRX821455	SRR1732074
43388	DRP001797	DRS016618	DRX021446	DRR023620
43399	DRP002435	DRS016933	DRX019711	DRR028168
43401	DRP002586	DRS019265	DRX022556	DRR024895
43417	DRP002435	DRS016933	DRX019711	DRR028224
43428	DRP002435	DRS016933	DRX019712	DRR028297
43429	DRP002435	DRS016933	DRX019714	DRR028325
43434	DRP002586	DRS019265	DRX022668	DRR025007
43457	DRP002435	DRS016933	DRX019715	DRR028454
43496	DRP002435	DRS016933	DRX019712	DRR028320
43578	DRP002435	DRS016933	DRX019714	DRR028382
43668	SRP051249	SRS795860	SRX815514	SRR1721302
43675	SRP051249	SRS795863	SRX815517	SRR1721305
43760	SRP060715	SRS988137	SRX1092557	SRR2097524
43788	DRP002586	DRS019265	DRX022470	DRR024809
43904	SRP051472	SRS801159	SRX821413	SRR1732032
43907	DRP001797	DRS016623	DRX021456	DRR023695
43933	DRP002623	DRS019462	DRX021331	DRR023277
43948	DRP002586	DRS019265	DRX022522	DRR024861
43954	DRP002435	DRS016933	DRX019715	DRR028464
44013	DRP002623	DRS019472	DRX021341	DRR023287
44134	DRP002851	DRS022481	DRX044044	DRR048991
44306	DRP002586	DRS019265	DRX022471	DRR024810
44307	DRP002586	DRS019265	DRX022490	DRR024829
44311	DRP002586	DRS019265	DRX022476	DRR024815
44375	DRP002586	DRS019265	DRX022713	DRR025052
44422	DRP001797	DRS016623	DRX021456	DRR023691
44435	DRP002623	DRS019459	DRX021328	DRR023274
44446	DRP002435	DRS016933	DRX019712	DRR028299
44447	DRP002586	DRS019265	DRX022651	DRR024990
44448	DRP002435	DRS016933	DRX019713	DRR028588
44460	DRP002435	DRS016933	DRX019711	DRR028159
44654	DRP002860	DRS022652	DRX026179	DRR029114
44895	DRP002586	DRS019265	DRX022520	DRR024859
44902	DRP002586	DRS019265	DRX022508	DRR024847
44905	DRP001797	DRS016623	DRX021456	DRR023683
44906	SRP051472	SRS801186	SRX821440	SRR1732059
44907	DRP001797	DRS016619	DRX021448	DRR023639
44915	DRP002586	DRS019265	DRX022630	DRR024969
44939	DRP002435	DRS016933	DRX019713	DRR028519
44958	DRP002435	DRS016933	DRX019714	DRR028369
44983	DRP002435	DRS016933	DRX019712	DRR028324
44988	DRP002435	DRS016933	DRX019712	DRR028316
45078	DRP002623	DRS019465	DRX021334	DRR023280
45089	DRP002380	DRS016654	DRX019521	DRR021368
45156	SRP051249	SRS795867	SRX815521	SRR1721309
45290	SRP061033	SRS989935	SRX1094528	SRR2099838
45317	DRP002586	DRS019265	DRX022595	DRR024934
45366	DRP002586	DRS019265	DRX022584	DRR024923
45381	DRP002435	DRS016933	DRX019715	DRR028492
45421	DRP002586	DRS019265	DRX022516	DRR024855
45438	DRP002435	DRS016933	DRX019715	DRR028463
45440	DRP002435	DRS016933	DRX019713	DRR028600
45448	DRP002435	DRS016933	DRX019711	DRR028178
45487	SRP051472	SRS801191	SRX821445	SRR1732064
45563	DRP002435	DRS016933	DRX019713	DRR028604
45583	DRP002435	DRS016933	DRX019714	DRR028344
45670	SRP051249	SRS795850	SRX815504	SRR1721292
45805	SRP060715	SRS988135	SRX1092559	SRR2097526
45877	SRP060637	SRS987010	SRX1091359	SRR2096240
45888	SRP051472	SRS801182	SRX821436	SRR1732055
45910	DRP002586	DRS019265	DRX022535	DRR024874
45915	DRP002435	DRS016933	DRX019711	DRR028201
45933	DRP002586	DRS019265	DRX022519	DRR024858
45941	DRP002435	DRS016933	DRX019715	DRR028486
45983	DRP002435	DRS016933	DRX019711	DRR028161
46390	DRP001797	DRS016619	DRX021448	DRR023640
46418	DRP002435	DRS016933	DRX019713	DRR028540
46421	DRP002435	DRS016933	DRX019711	DRR028215
46428	DRP002435	DRS016933	DRX019713	DRR028565
46434	DRP002435	DRS016933	DRX019714	DRR028361
46468	DRP002435	DRS016933	DRX019712	DRR028269
46896	SRP060637	SRS986993	SRX1091354	SRR2096235
46900	DRP002586	DRS019265	DRX022511	DRR024850
46942	DRP002435	DRS016933	DRX019714	DRR028367
46963	DRP002435	DRS016933	DRX019714	DRR028372
47062	DRP002435	DRS016933	DRX019711	DRR028135
47170	SRP060348	SRS979010	SRX1081203	SRR2087208
47428	SRP051472	SRS801202	SRX821456	SRR1732075
47429	DRP001797	DRS016623	DRX021456	DRR023698
47463	DRP002435	DRS016933	DRX019714	DRR028375
47471	DRP002435	DRS016933	DRX019712	DRR028270
47512	SRP051472	SRS801151	SRX821405	SRR1732024
47598	DRP002435	DRS016933	DRX019715	DRR021562
47711	DRP002860	DRS022652	DRX026179	DRR029113
47720	SRP051249	SRS795869	SRX815523	SRR1721311
47779	DRP002586	DRS019265	DRX022503	DRR024842
47800	DRP002586	DRS019265	DRX022484	DRR024823
47874	DRP002586	DRS019265	DRX022696	DRR025035
47895	DRP001797	DRS016623	DRX021456	DRR023684
47909	DRP002586	DRS019265	DRX022615	DRR024954
47910	DRP002435	DRS016933	DRX019711	DRR028184
47987	DRP002435	DRS016933	DRX019715	DRR028459
48077	DRP002435	DRS016933	DRX019715	DRR028493
48083	DRP002435	DRS016933	DRX019715	DRR028473
48140	SRP059925	SRS973143	SRX1074660	SRR2079885
48330	SRP061033	SRS989940	SRX1094523	SRR2099833
48396	SRP051472	SRS801168	SRX821422	SRR1732041
48398	SRP051472	SRS801166	SRX821420	SRR1732039
48420	DRP002435	DRS016933	DRX019714	DRR028385
48435	DRP002435	DRS016933	DRX019713	DRR028599
48440	DRP002435	DRS016933	DRX019712	DRR028231
48450	DRP002435	DRS016933	DRX019715	DRR028465
48471	DRP002435	DRS016933	DRX019715	DRR028441
48506	DRP002435	DRS016933	DRX019714	DRR028419
48817	DRP002586	DRS019265	DRX022483	DRR024822
48818	DRP002586	DRS019265	DRX022504	DRR024843
48916	DRP002586	DRS019265	DRX022568	DRR024907
48926	DRP002586	DRS019265	DRX022517	DRR024856
48929	DRP002435	DRS016933	DRX019711	DRR028213
48933	DRP002435	DRS016933	DRX019711	DRR028189
48945	DRP002435	DRS016933	DRX019713	DRR028583
48950	SRP060637	SRS987000	SRX1091369	SRR2096250
48951	DRP002435	DRS016933	DRX019712	DRR028291
48968	DRP002435	DRS016933	DRX019715	DRR028501
49223	SRP051249	SRS795854	SRX815508	SRR1721296
49270	DRP002586	DRS019265	DRX022472	DRR024811
49354	SRP061033	SRS989931	SRX1094533	SRR2099843
49390	DRP002835	DRS022165	DRX025692	DRR028129
49406	DRP002435	DRS016933	DRX019711	DRR028148
49448	DRP002435	DRS016933	DRX019711	DRR028157
49453	DRP002435	DRS016933	DRX019712	DRR028293
49457	DRP002586	DRS019265	DRX022644	DRR024983
49477	DRP001797	DRS016618	DRX021446	DRR023633
49506	DRP002435	DRS016933	DRX019712	DRR028245
49593	DRP002435	DRS016933	DRX019715	DRR028491
49678	SRP051249	SRS795865	SRX815519	SRR1721307
49724	SRP060715	SRS988144	SRX1092550	SRR2097517
49812	SRP061329	SRS995618	SRX1101119	SRR2107335
49893	DRP002435	DRS016933	DRX019711	DRR028198
49898	DRP002586	DRS019265	DRX022551	DRR024890
49906	DRP001797	DRS016618	DRX021446	DRR023624
49909	DRP001797	DRS016621	DRX021450	DRR023663
49916	DRP002435	DRS016933	DRX019711	DRR028209
49929	DRP002435	DRS016933	DRX019711	DRR028152
49934	DRP002435	DRS016933	DRX019713	DRR028597
49979	DRP002435	DRS016933	DRX019715	DRR028484
50051	DRP002435	DRS016933	DRX019711	DRR028222
50059	DRP002435	DRS016933	DRX019711	DRR028172
